timestamp,can_id,b0,b1,b2,b3,b4,b5,b6,b7
1781970887.923414,1009,12,28,87,240,0,0,0,0
1781970888.0281246,1490,0,50,1,1,0,0,0,0
1781970888.139327,1767,81,18,42,0,0,0,0,0
1781970888.2509956,418,15,106,155,141,0,0,0,0
1781970888.361931,1009,12,28,87,240,0,0,0,0
1781970888.4730353,1490,0,0,0,3,0,0,0,0
1781970888.5841718,1767,81,18,35,0,0,0,0,0
1781970888.6949248,418,15,102,155,141,0,0,0,0
1781970888.8056338,1009,12,28,87,240,0,0,0,0
1781970888.9169383,1490,1,134,5,20,0,0,0,0
1781970889.0281947,1767,81,18,28,0,0,0,0,0
1781970889.139307,418,15,99,154,142,0,0,0,0
1781970889.2496002,1009,12,28,87,240,0,0,0,0
1781970889.3609169,1490,5,240,31,24,0,0,0,0
1781970889.4715958,1767,81,18,33,0,0,0,0,0
1781970889.5827103,418,15,100,153,143,0,0,0,0
1781970889.6938455,1009,12,28,88,240,0,0,0,0
1781970889.8049834,1490,8,112,36,35,0,0,0,0
1781970889.9166763,1767,82,18,38,0,0,0,0,0
1781970890.0292435,418,15,95,151,144,0,0,0,0
1781970890.1406176,1009,12,28,88,240,0,0,0,0
1781970890.251413,1490,10,220,40,34,0,0,0,0
1781970890.3634076,1767,82,18,42,0,0,0,0,0
1781970890.4750218,418,15,96,150,146,0,0,0,0
1781970890.586112,1009,12,28,89,240,0,0,0,0
1781970890.697372,1490,14,186,47,39,0,0,0,0
1781970890.808498,1767,82,18,50,0,0,0,0,0
1781970890.919646,418,15,96,148,147,0,0,0,0
1781970891.0305998,1009,12,28,89,240,0,0,0,0
1781970891.141461,1490,14,136,22,39,0,0,0,0
1781970891.2525034,1767,83,18,52,0,0,0,0,0
1781970891.364633,418,15,109,147,148,0,0,0,0
1781970891.4705982,1009,12,28,89,240,0,0,0,0
1781970891.5815496,1490,15,200,9,43,0,0,0,0
1781970891.6923935,1767,83,18,58,0,0,0,0,0
1781970891.8030007,418,15,116,145,149,0,0,0,0
1781970891.9155798,1009,12,28,90,240,0,0,0,0
1781970892.026176,1490,17,118,2,50,0,0,0,0
1781970892.1374183,1767,83,18,62,0,0,0,0,0
1781970892.2479022,418,15,110,144,149,0,0,0,0
1781970892.3629863,1009,12,28,90,240,0,0,0,0
1781970892.4736462,1490,17,88,10,51,0,0,0,0
1781970892.5847313,1767,83,40,68,0,0,0,0,0
1781970892.696216,418,15,105,143,150,0,0,0,0
1781970892.8070533,1009,12,28,91,240,0,0,0,0
1781970892.9190702,1490,17,48,12,55,0,0,0,0
1781970893.0307345,1767,84,40,70,0,0,0,0,0
1781970893.141856,418,15,99,142,151,0,0,0,0
1781970893.24949,1009,12,28,91,240,0,0,0,0
1781970893.3615746,1490,23,112,0,90,0,0,0,0
1781970893.4732141,1767,85,40,82,0,0,0,0,0
1781970893.5852928,418,15,91,139,154,0,0,0,0
1781970893.6968513,1009,12,28,93,240,0,0,0,0
1781970893.8079004,1490,27,238,0,105,0,0,0,0
1781970893.9193397,1767,87,40,108,0,0,0,0,0
1781970894.0307446,418,15,97,136,156,0,0,0,0
1781970894.1407437,1009,12,28,96,240,0,0,0,0
1781970894.2512326,1490,32,8,0,93,0,0,0,0
1781970894.3624074,1767,89,40,138,0,0,0,0,0
1781970894.4731286,418,15,89,133,159,0,0,0,0
1781970894.5842626,1009,12,28,98,240,0,0,0,0
1781970894.6956563,1490,36,4,0,111,0,0,0,0
1781970894.8075778,1767,91,70,170,1,0,0,0,0
1781970894.9194846,418,15,101,130,162,0,0,0,0
1781970895.0306737,1009,12,28,100,240,0,0,0,0
1781970895.1408856,1490,40,190,14,119,0,0,0,0
1781970895.2507932,1767,93,70,204,1,0,0,0,0
1781970895.36063,418,15,107,127,165,0,0,0,0
1781970895.4714346,1009,12,28,103,240,0,0,0,0
1781970895.582398,1490,44,96,42,130,0,0,0,0
1781970895.6939135,1767,96,70,5,1,0,0,0,0
1781970895.8051639,418,15,102,122,169,0,0,0,0
1781970895.9162478,1009,12,28,107,240,0,0,0,0
1781970896.0278876,1490,45,30,92,123,0,0,0,0
1781970896.1391032,1767,100,70,73,1,0,0,0,0
1781970896.250064,418,15,90,115,175,0,0,0,0
1781970896.3565798,1009,12,28,111,240,0,0,0,0
1781970896.465903,1490,46,74,19,111,0,0,0,0
1781970896.5761042,1767,103,100,155,1,0,0,0,0
1781970896.687515,418,15,90,108,182,0,0,0,0
1781970896.7895734,1009,12,28,116,240,0,0,0,0
1781970896.89201,1490,47,148,23,122,0,0,0,0
1781970896.9956698,1767,106,100,164,1,0,0,0,0
1781970897.0970159,418,15,94,101,187,0,0,0,0
1781970897.2010884,1009,12,28,120,240,0,0,0,0
1781970897.3017313,1490,48,102,20,117,0,0,0,0
1781970897.405847,1767,109,100,164,1,0,0,0,0
1781970897.5169625,418,15,90,94,194,0,0,0,0
1781970897.6273906,1009,12,28,125,240,0,0,0,0
1781970897.7389898,1490,1,44,20,4,0,0,0,0
1781970897.850543,1767,90,40,75,0,0,0,0,0
1781970897.9619253,418,15,97,147,159,0,0,0,0
1781970898.0731292,1009,12,28,94,240,0,0,0,0
1781970898.1849015,1490,0,70,16,4,0,0,0,0
1781970898.2959406,1767,89,40,69,0,0,0,0,0
1781970898.4096375,418,15,90,147,159,0,0,0,0
1781970898.5209904,1009,12,28,94,240,0,0,0,0
1781970898.6324937,1490,0,20,13,0,0,0,0,0
1781970898.7330735,1767,89,40,67,0,0,0,0,0
1781970898.8367145,418,15,79,146,159,0,0,0,0
1781970898.9478714,1009,12,28,94,240,0,0,0,0
1781970899.0517728,1490,4,66,16,25,0,0,0,0
1781970899.155938,1767,89,70,70,1,0,0,0,0
1781970899.26023,418,15,78,145,160,0,0,0,0
1781970899.3649173,1009,12,28,94,240,0,0,0,0
1781970899.4689047,1490,9,106,20,20,0,0,0,0
1781970899.57258,1767,90,70,70,1,0,0,0,0
1781970899.6768405,418,15,69,143,161,0,0,0,0
1781970899.7810657,1009,12,28,95,240,0,0,0,0
1781970899.8837953,1490,11,244,22,27,0,0,0,0
1781970899.9893498,1767,90,70,73,1,0,0,0,0
1781970900.0935578,418,15,65,142,162,0,0,0,0
1781970900.1938121,1009,12,28,95,240,0,0,0,0
1781970900.2950623,1490,15,130,0,29,0,0,0,0
1781970900.3959534,1767,90,70,78,1,0,0,0,0
1781970900.5005012,418,15,70,140,163,0,0,0,0
1781970900.60739,1009,12,28,95,240,0,0,0,0
1781970900.7131748,1490,15,239,0,32,0,0,0,0
1781970900.8139787,1767,91,70,84,1,0,0,0,0
1781970900.9264815,418,15,58,139,164,0,0,0,0
1781970901.0376618,1009,12,28,96,240,0,0,0,0
1781970901.1493108,1490,18,232,0,37,0,0,0,0
1781970901.2601597,1767,91,70,84,1,0,0,0,0
1781970901.3714623,418,15,56,137,166,0,0,0,0
1781970901.4756632,1009,12,28,96,240,0,0,0,0
1781970901.586684,1490,18,152,0,39,0,0,0,0
1781970901.6908152,1767,91,70,88,1,0,0,0,0
1781970901.7949402,418,15,42,136,167,0,0,0,0
1781970901.899105,1009,12,28,97,240,0,0,0,0
1781970902.0033152,1490,19,96,11,29,0,0,0,0
1781970902.1075122,1767,91,70,86,1,0,0,0,0
1781970902.2116168,418,15,51,134,168,0,0,0,0
1781970902.3158638,1009,12,28,97,240,0,0,0,0
1781970902.4174526,1490,18,172,7,40,0,0,0,0
1781970902.518234,1767,92,70,90,1,0,0,0,0
1781970902.6197639,418,15,54,133,169,0,0,0,0
1781970902.7196045,1009,12,28,97,240,0,0,0,0
1781970902.8218594,1490,19,76,14,45,0,0,0,0
1781970902.926248,1767,92,70,90,1,0,0,0,0
1781970903.03199,418,15,49,131,170,0,0,0,0
1781970903.1404142,1009,12,28,99,240,0,0,0,0
1781970903.2513428,1490,25,159,13,97,0,0,0,0
1781970903.362916,1767,93,70,123,1,0,0,0,0
1781970903.4679885,418,15,53,128,172,0,0,0,0
1781970903.572336,1009,12,28,101,240,0,0,0,0
1781970903.6767716,1490,29,216,26,116,0,0,0,0
1781970903.7811108,1767,96,70,159,1,0,0,0,0
1781970903.8852313,418,15,73,125,175,0,0,0,0
1781970903.9912865,1009,12,28,104,240,0,0,0,0
1781970904.0971575,1490,33,82,13,123,0,0,0,0
1781970904.2054174,1767,98,70,193,1,0,0,0,0
1781970904.3171964,418,15,78,122,178,0,0,0,0
1781970904.428519,1009,12,28,106,240,0,0,0,0
1781970904.5404875,1490,37,128,43,134,0,0,0,0
1781970904.652208,1767,100,70,219,1,0,0,0,0
1781970904.7637496,418,15,79,119,180,0,0,0,0
1781970904.8643491,1009,12,28,108,240,0,0,0,0
1781970904.9685407,1490,41,124,67,138,0,0,0,0
1781970905.0727203,1767,102,100,220,1,0,0,0,0
1781970905.1734421,418,15,74,115,184,0,0,0,0
1781970905.2772207,1009,12,28,111,240,0,0,0,0
1781970905.3837547,1490,42,248,67,118,0,0,0,0
1781970905.494634,1767,106,100,23,1,0,0,0,0
1781970905.6058679,418,15,69,108,189,0,0,0,0
1781970905.7169828,1009,12,28,116,240,0,0,0,0
1781970905.8283165,1490,43,172,97,129,0,0,0,0
1781970905.9397798,1767,108,100,95,1,0,0,0,0
1781970906.0405173,418,15,71,102,195,0,0,0,0
1781970906.1465936,1009,12,28,121,240,0,0,0,0
1781970906.2480307,1490,45,130,167,128,0,0,0,0
1781970906.3505273,1767,112,100,164,1,0,0,0,0
1781970906.45474,418,15,81,96,202,0,0,0,0
1781970906.5555146,1009,12,28,125,240,0,0,0,0
1781970906.656082,1490,47,118,176,157,0,0,0,0
1781970906.7685301,1767,116,100,164,1,0,0,0,0
1781970906.8753421,418,15,71,90,209,0,0,0,0
1781970906.986295,1009,12,28,130,240,0,0,0,0
1781970907.0865815,1490,48,142,123,159,0,0,0,0
1781970907.1876307,1767,120,100,164,1,0,0,0,0
1781970907.2880232,418,15,69,127,160,0,0,0,0
1781970907.3896542,1009,12,28,94,240,0,0,0,0
1781970907.4964263,1490,0,130,16,2,0,0,0,0
1781970907.5984213,1767,90,40,76,0,0,0,0,0
1781970907.6989362,418,15,78,127,160,0,0,0,0
1781970907.8031077,1009,12,28,94,240,0,0,0,0
1781970907.9144635,1490,0,20,6,1,0,0,0,0
1781970908.0172367,1767,89,40,74,0,0,0,0,0
1781970908.120531,418,15,74,127,160,0,0,0,0
1781970908.225009,1009,12,28,94,240,0,0,0,0
1781970908.331073,1490,1,144,5,20,0,0,0,0
1781970908.4351356,1767,90,70,74,1,0,0,0,0
1781970908.538034,418,15,79,126,160,0,0,0,0
1781970908.6402702,1009,12,28,94,240,0,0,0,0
1781970908.751652,1490,4,226,7,22,0,0,0,0
1781970908.8619957,1767,90,70,76,1,0,0,0,0
1781970908.9735873,418,15,75,125,162,0,0,0,0
1781970909.0843544,1009,12,28,94,240,0,0,0,0
1781970909.1953268,1490,9,86,13,26,0,0,0,0
1781970909.307736,1767,90,70,82,1,0,0,0,0
1781970909.4194515,418,15,75,123,163,0,0,0,0
1781970909.5242753,1009,12,28,95,240,0,0,0,0
1781970909.6278467,1490,13,51,12,32,0,0,0,0
1781970909.7320201,1767,90,70,82,1,0,0,0,0
1781970909.8365858,418,15,92,122,164,0,0,0,0
1781970909.940836,1009,12,28,95,240,0,0,0,0
1781970910.0449922,1490,15,10,28,28,0,0,0,0
1781970910.1492255,1767,91,70,85,1,0,0,0,0
1781970910.2548351,418,15,95,120,165,0,0,0,0
1781970910.3699384,1009,12,28,96,240,0,0,0,0
1781970910.476129,1490,15,160,34,35,0,0,0,0
1781970910.5798187,1767,91,70,81,1,0,0,0,0
1781970910.6840215,418,15,99,119,165,0,0,0,0
1781970910.7881808,1009,12,28,96,240,0,0,0,0
1781970910.892394,1490,17,28,42,40,0,0,0,0
1781970911.0068412,1767,91,70,78,1,0,0,0,0
1781970911.1075706,418,15,101,117,166,0,0,0,0
1781970911.2118218,1009,12,28,96,240,0,0,0,0
1781970911.319229,1490,19,56,47,49,0,0,0,0
1781970911.4203818,1767,92,70,82,1,0,0,0,0
1781970911.525249,418,15,95,116,167,0,0,0,0
1781970911.6254208,1009,12,28,97,240,0,0,0,0
1781970911.7262375,1490,19,196,31,41,0,0,0,0
1781970911.8270838,1767,92,70,86,1,0,0,0,0
1781970911.931205,418,15,97,114,168,0,0,0,0
1781970912.046266,1009,12,28,97,240,0,0,0,0
1781970912.157605,1490,20,80,31,42,0,0,0,0
1781970912.2615805,1767,92,70,88,1,0,0,0,0
1781970912.365813,418,15,112,113,169,0,0,0,0
1781970912.4687154,1009,12,28,98,240,0,0,0,0
1781970912.5729,1490,23,112,36,90,0,0,0,0
1781970912.678619,1767,94,70,100,1,0,0,0,0
1781970912.7938886,418,15,107,110,172,0,0,0,0
1781970912.906671,1009,12,28,100,240,0,0,0,0
1781970913.015958,1490,27,88,28,107,0,0,0,0
1781970913.1189637,1767,96,70,132,1,0,0,0,0
1781970913.2256796,418,15,111,107,174,0,0,0,0
1781970913.3318536,1009,12,28,102,240,0,0,0,0
1781970913.4347818,1490,31,244,41,123,0,0,0,0
1781970913.5466223,1767,98,70,163,1,0,0,0,0
1781970913.6505773,418,15,107,103,177,0,0,0,0
1781970913.7535985,1009,12,28,105,240,0,0,0,0
1781970913.8562794,1490,36,4,33,136,0,0,0,0
1781970913.960771,1767,100,70,189,1,0,0,0,0
1781970914.065108,418,15,102,100,180,0,0,0,0
1781970914.1702166,1009,12,28,107,240,0,0,0,0
1781970914.2707293,1490,40,20,53,125,0,0,0,0
1781970914.382064,1767,102,100,212,1,0,0,0,0
1781970914.4930432,418,15,106,97,182,0,0,0,0
1781970914.6042125,1009,12,28,109,240,0,0,0,0
1781970914.7157545,1490,43,42,65,114,0,0,0,0
1781970914.8160872,1767,104,100,8,1,0,0,0,0
1781970914.9201674,418,15,108,91,189,0,0,0,0
1781970915.0333064,1009,12,28,114,240,0,0,0,0
1781970915.1340454,1490,45,90,45,113,0,0,0,0
1781970915.2451282,1767,108,100,71,1,0,0,0,0
1781970915.3504522,418,15,114,84,196,0,0,0,0
1781970915.4548242,1009,12,28,119,240,0,0,0,0
1781970915.5556433,1490,46,34,100,110,0,0,0,0
1781970915.6562984,1767,111,100,146,1,0,0,0,0
1781970915.7605162,418,15,115,78,201,0,0,0,0
1781970915.864668,1009,12,28,122,240,0,0,0,0
1781970915.9738958,1490,47,168,142,119,0,0,0,0
1781970916.0742476,1767,114,100,164,1,0,0,0,0
1781970916.1771328,418,15,115,72,209,0,0,0,0
1781970916.278293,1009,12,28,127,240,0,0,0,0
1781970916.3797483,1490,49,226,92,118,0,0,0,0
1781970916.4826891,1767,117,100,164,1,0,0,0,0
1781970916.584922,418,15,112,65,215,0,0,0,0
1781970916.6910803,1009,12,28,132,240,0,0,0,0
1781970916.798249,1490,1,44,4,4,0,0,0,0
1781970916.9137492,1767,89,40,79,0,0,0,0,0
1781970917.0247643,418,15,113,122,160,0,0,0,0
1781970917.1308596,1009,12,28,94,240,0,0,0,0
1781970917.2416637,1490,0,30,3,4,0,0,0,0
1781970917.3440247,1767,89,40,71,0,0,0,0,0
1781970917.4580314,418,15,107,122,159,0,0,0,0
1781970917.565651,1009,12,28,94,240,0,0,0,0
1781970917.6777925,1490,0,40,6,0,0,0,0,0
1781970917.7886534,1767,89,40,61,0,0,0,0,0
1781970917.9004889,418,15,106,121,160,0,0,0,0
1781970918.0118463,1009,12,28,94,240,0,0,0,0
1781970918.0276437,1490,3,42,13,25,0,0,0,0
1781970918.0433187,1767,89,70,68,1,0,0,0,0
1781970918.0591812,418,15,106,120,160,0,0,0,0
1781970918.0749683,1009,12,28,94,240,0,0,0,0
1781970918.090986,1490,8,252,26,20,0,0,0,0
1781970918.106928,1767,90,70,69,1,0,0,0,0
1781970918.122664,418,15,107,119,161,0,0,0,0
1781970918.1384282,1009,12,28,94,240,0,0,0,0
1781970918.1542068,1490,12,28,38,22,0,0,0,0
1781970918.170053,1767,90,70,69,1,0,0,0,0
1781970918.1856666,418,15,109,117,162,0,0,0,0
1781970918.201419,1009,12,28,95,240,0,0,0,0
1781970918.2174776,1490,14,86,34,30,0,0,0,0
1781970918.2332087,1767,90,70,70,1,0,0,0,0
1781970918.2487557,418,15,114,116,164,0,0,0,0
1781970918.2782876,1009,12,28,95,240,0,0,0,0
1781970918.294337,1490,14,176,55,20,0,0,0,0
1781970918.3101807,1767,90,70,71,1,0,0,0,0
1781970918.3261302,418,15,108,114,165,0,0,0,0
1781970918.3419368,1009,12,28,96,240,0,0,0,0
1781970918.358133,1490,16,64,50,20,0,0,0,0
1781970918.3739166,1767,91,70,79,1,0,0,0,0
1781970918.3899653,418,15,109,113,166,0,0,0,0
1781970918.4058945,1009,12,28,96,240,0,0,0,0
1781970918.4216044,1490,16,174,52,24,0,0,0,0
1781970918.4376616,1767,91,70,81,1,0,0,0,0
1781970918.453759,418,15,113,112,167,0,0,0,0
1781970918.4693768,1009,12,28,96,240,0,0,0,0
1781970918.4855604,1490,16,74,32,26,0,0,0,0
1781970918.5009558,1767,91,70,82,1,0,0,0,0
1781970918.5169284,418,15,116,110,168,0,0,0,0
1781970918.5330741,1009,12,28,97,240,0,0,0,0
1781970918.5422711,1490,16,34,22,32,0,0,0,0
1781970918.5486572,1767,92,70,80,1,0,0,0,0
1781970918.5541637,418,15,125,109,169,0,0,0,0
1781970918.5607455,1009,12,28,97,240,0,0,0,0
1781970918.566073,1490,17,28,32,48,0,0,0,0
1781970918.5730517,1767,92,70,78,1,0,0,0,0
1781970918.5799325,418,15,111,107,170,0,0,0,0
1781970918.5880785,1009,12,28,99,240,0,0,0,0
1781970918.5937889,1490,24,196,0,95,0,0,0,0
1781970918.5997314,1767,94,70,106,1,0,0,0,0
1781970918.6061943,418,15,105,103,173,0,0,0,0
1781970918.6126697,1009,12,28,101,240,0,0,0,0
1781970918.6192374,1490,28,52,35,98,0,0,0,0
1781970918.6257844,1767,96,70,142,1,0,0,0,0
1781970918.632098,418,15,93,100,175,0,0,0,0
1781970918.6386106,1009,12,28,103,240,0,0,0,0
1781970918.643779,1490,32,108,91,96,0,0,0,0
1781970918.6493795,1767,98,70,170,1,0,0,0,0
1781970918.6583557,418,15,95,97,178,0,0,0,0
1781970918.6656475,1009,12,28,105,240,0,0,0,0
1781970918.671515,1490,36,244,107,90,0,0,0,0
1781970918.6771607,1767,100,100,193,1,0,0,0,0
1781970918.684118,418,15,100,94,181,0,0,0,0
1781970918.6911354,1009,12,28,107,240,0,0,0,0
1781970918.697559,1490,40,170,105,95,0,0,0,0
1781970918.7039762,1767,102,100,220,1,0,0,0,0
1781970918.7119136,418,15,112,90,184,0,0,0,0
1781970918.718839,1009,12,28,111,240,0,0,0,0
1781970918.727062,1490,42,8,90,125,0,0,0,0
1781970918.7327263,1767,105,100,36,1,0,0,0,0
1781970918.7396698,418,15,107,83,190,0,0,0,0
1781970918.7466798,1009,12,28,115,240,0,0,0,0
1781970918.7536433,1490,43,202,75,110,0,0,0,0
1781970918.7618272,1767,109,100,113,1,0,0,0,0
1781970918.7674904,418,15,105,76,197,0,0,0,0
1781970918.7744622,1009,12,28,120,240,0,0,0,0
1781970918.781439,1490,45,190,30,110,0,0,0,0
1781970918.7889712,1767,113,100,164,1,0,0,0,0
1781970918.7952306,418,15,102,70,204,0,0,0,0
1781970918.802169,1009,12,28,124,240,0,0,0,0
1781970918.8087068,1490,46,64,0,116,0,0,0,0
1781970918.815058,1767,116,100,164,1,0,0,0,0
1781970918.823068,418,15,97,63,211,0,0,0,0
1781970918.829386,1009,12,28,129,240,0,0,0,0
1781970918.8448694,1490,47,48,0,118,0,0,0,0
1781970918.8507748,1767,120,100,164,1,0,0,0,0
1781970918.8577418,418,15,98,112,160,0,0,0,0
1781970918.868617,1009,12,28,94,240,0,0,0,0
1781970918.878635,1490,0,90,6,4,0,0,0,0
1781970918.8867352,1767,89,40,76,0,0,0,0,0
1781970918.8924685,418,15,85,112,159,0,0,0,0
1781970918.8994448,1009,12,28,94,240,0,0,0,0
1781970918.9063163,1490,0,0,4,2,0,0,0,0
1781970918.9132059,1767,89,40,71,0,0,0,0,0
1781970918.9202642,418,15,89,112,159,0,0,0,0
1781970918.9260826,1009,12,28,94,240,0,0,0,0
1781970918.934197,1490,1,104,12,20,0,0,0,0
1781970918.9403236,1767,89,40,69,0,0,0,0,0
1781970918.9467297,418,15,96,111,160,0,0,0,0
1781970918.9550292,1009,12,28,94,240,0,0,0,0
1781970918.9631946,1490,7,68,4,25,0,0,0,0
1781970918.9688842,1767,89,70,73,1,0,0,0,0
1781970918.9758713,418,15,112,110,161,0,0,0,0
1781970918.9861534,1009,12,28,95,240,0,0,0,0
1781970918.9967313,1490,10,60,9,27,0,0,0,0
1781970919.0044103,1767,90,70,74,1,0,0,0,0
1781970919.0105689,418,15,100,109,162,0,0,0,0
1781970919.0174556,1009,12,28,95,240,0,0,0,0
1781970919.0239513,1490,11,194,7,23,0,0,0,0
1781970919.030337,1767,90,70,77,1,0,0,0,0
1781970919.036864,418,15,100,107,163,0,0,0,0
1781970919.0453174,1009,12,28,96,240,0,0,0,0
1781970919.0534158,1490,14,86,39,37,0,0,0,0
1781970919.0591059,1767,90,70,80,1,0,0,0,0
1781970919.0661085,418,15,109,105,164,0,0,0,0
1781970919.0743532,1009,12,28,96,240,0,0,0,0
1781970919.0800004,1490,15,139,47,42,0,0,0,0
1781970919.0868893,1767,91,70,81,1,0,0,0,0
1781970919.0939627,418,15,97,104,165,0,0,0,0
1781970919.1021276,1009,12,28,96,240,0,0,0,0
1781970919.107827,1490,16,174,65,37,0,0,0,0
1781970919.1148512,1767,91,70,89,1,0,0,0,0
1781970919.1216707,418,15,93,102,166,0,0,0,0
1781970919.1287246,1009,12,28,97,240,0,0,0,0
1781970919.1356323,1490,17,248,69,45,0,0,0,0
1781970919.1509016,1767,91,70,95,1,0,0,0,0
1781970919.1560962,418,15,95,101,166,0,0,0,0
1781970919.1633694,1009,12,28,97,240,0,0,0,0
1781970919.1702416,1490,18,2,80,50,0,0,0,0
1781970919.1772609,1767,92,70,96,1,0,0,0,0
1781970919.192208,418,15,106,100,167,0,0,0,0
1781970919.2014399,1009,12,28,97,240,0,0,0,0
1781970919.207654,1490,18,62,80,54,0,0,0,0
1781970919.213143,1767,92,70,99,1,0,0,0,0
1781970919.2188416,418,15,105,98,168,0,0,0,0
1781970919.2258124,1009,12,28,98,240,0,0,0,0
1781970919.233888,1490,23,112,74,90,0,0,0,0
1781970919.2396314,1767,93,70,115,1,0,0,0,0
1781970919.245615,418,15,93,95,170,0,0,0,0
1781970919.2535431,1009,12,28,101,240,0,0,0,0
1781970919.2605424,1490,27,188,61,108,0,0,0,0
1781970919.273149,1767,95,70,138,1,0,0,0,0
1781970919.2813985,418,15,90,92,173,0,0,0,0
1781970919.295275,1009,12,28,104,240,0,0,0,0
1781970919.302171,1490,32,8,81,107,0,0,0,0
1781970919.3091161,1767,97,70,174,1,0,0,0,0
1781970919.316118,418,15,82,89,176,0,0,0,0
1781970919.3231335,1009,12,28,106,240,0,0,0,0
1781970919.3319764,1490,36,54,59,100,0,0,0,0
1781970919.3382328,1767,99,70,200,1,0,0,0,0
1781970919.3438666,418,15,64,86,179,0,0,0,0
1781970919.3502235,1009,12,28,108,240,0,0,0,0
1781970919.3577588,1490,40,0,42,100,0,0,0,0
1781970919.3632407,1767,101,100,220,1,0,0,0,0
1781970919.3716812,418,15,72,83,181,0,0,0,0
1781970919.3798282,1009,12,28,110,240,0,0,0,0
1781970919.3855388,1490,44,86,24,110,0,0,0,0
1781970919.3925052,1767,104,100,14,1,0,0,0,0
1781970919.3993704,418,15,78,77,187,0,0,0,0
1781970919.4063559,1009,12,28,115,240,0,0,0,0
1781970919.4133878,1490,44,186,69,110,0,0,0,0
1781970919.4231071,1767,108,100,73,1,0,0,0,0
1781970919.4342237,418,15,82,72,193,0,0,0,0
1781970919.4424877,1009,12,28,119,240,0,0,0,0
1781970919.4480157,1490,46,4,45,110,0,0,0,0
1781970919.4549632,1767,111,100,147,1,0,0,0,0
1781970919.4609609,418,15,95,66,200,0,0,0,0
1781970919.468933,1009,12,28,124,240,0,0,0,0
1781970919.4758487,1490,47,138,0,110,0,0,0,0
1781970919.4840899,1767,114,100,164,1,0,0,0,0
1781970919.494894,418,15,99,59,207,0,0,0,0
1781970919.5185757,1009,12,28,128,240,0,0,0,0
1781970919.5244398,1490,48,72,86,118,0,0,0,0
1781970919.531466,1767,118,100,164,1,0,0,0,0
1781970919.5383267,418,15,104,53,214,0,0,0,0
1781970919.5459578,1009,12,28,132,240,0,0,0,0
1781970919.5523164,1490,1,44,0,4,0,0,0,0
1781970919.5591404,1767,89,40,79,0,0,0,0,0
1781970919.565631,418,15,107,103,160,0,0,0,0
1781970919.5730562,1009,12,28,94,240,0,0,0,0
1781970919.5785494,1490,0,0,2,0,0,0,0,0
1781970919.587001,1767,89,40,65,0,0,0,0,0
1781970919.5997548,418,15,118,103,159,0,0,0,0
1781970919.6078238,1009,12,28,94,240,0,0,0,0
1781970919.6159863,1490,0,40,0,0,0,0,0,0
1781970919.621679,1767,89,40,54,0,0,0,0,0
1781970919.6285982,418,15,107,102,160,0,0,0,0
1781970919.635605,1009,12,28,94,240,0,0,0,0
1781970919.6425614,1490,5,100,4,20,0,0,0,0
1781970919.65175,1767,89,70,62,1,0,0,0,0
1781970919.663334,418,15,103,101,161,0,0,0,0
1781970919.6787438,1009,12,28,94,240,0,0,0,0
1781970919.6857502,1490,8,172,19,20,0,0,0,0
1781970919.691174,1767,90,70,64,1,0,0,0,0
1781970919.6980374,418,15,108,100,162,0,0,0,0
1781970919.7102556,1009,12,28,95,240,0,0,0,0
1781970919.718848,1490,11,144,10,32,0,0,0,0
1781970919.7339895,1767,90,70,65,1,0,0,0,0
1781970919.739773,418,15,112,98,163,0,0,0,0
1781970919.7467666,1009,12,28,95,240,0,0,0,0
1781970919.761817,1490,13,142,4,27,0,0,0,0
1781970919.7674572,1767,90,70,69,1,0,0,0,0
1781970919.7743154,418,15,123,96,164,0,0,0,0
1781970919.781351,1009,12,28,96,240,0,0,0,0
1781970919.788352,1490,17,128,16,30,0,0,0,0
1781970919.803546,1767,90,70,75,1,0,0,0,0
1781970919.8091354,418,15,124,95,165,0,0,0,0
1781970919.8161435,1009,12,28,96,240,0,0,0,0
1781970919.8278139,1490,17,128,18,38,0,0,0,0
1781970919.83707,1767,91,70,77,1,0,0,0,0
1781970919.8451612,418,15,109,93,166,0,0,0,0
1781970919.8507864,1009,12,28,96,240,0,0,0,0
1781970919.8578086,1490,15,180,17,47,0,0,0,0
1781970919.864651,1767,91,70,83,1,0,0,0,0
1781970919.8716748,418,15,113,92,167,0,0,0,0
1781970919.88669,1009,12,28,97,240,0,0,0,0
1781970919.8924992,1490,17,48,20,44,0,0,0,0
1781970919.8995383,1767,91,70,86,1,0,0,0,0
1781970919.907538,418,15,111,91,168,0,0,0,0
1781970919.9133186,1009,12,28,97,240,0,0,0,0
1781970919.9187443,1490,16,184,22,39,0,0,0,0
1781970919.9272153,1767,92,70,90,1,0,0,0,0
1781970919.9353902,418,15,104,89,169,0,0,0,0
1781970919.9414036,1009,12,28,97,240,0,0,0,0
1781970919.9480667,1490,18,42,18,39,0,0,0,0
1781970919.956309,1767,92,70,94,1,0,0,0,0
1781970919.9619694,418,15,99,88,171,0,0,0,0
1781970919.968901,1009,12,28,99,240,0,0,0,0
1781970919.975894,1490,25,0,16,90,0,0,0,0
1781970919.9913213,1767,93,70,115,1,0,0,0,0
1781970920.0071666,418,15,108,85,173,0,0,0,0
1781970920.022866,1009,12,28,101,240,0,0,0,0
1781970920.0386083,1490,29,116,48,113,0,0,0,0
1781970920.054275,1767,95,70,145,1,0,0,0,0
1781970920.0703738,418,15,108,81,176,0,0,0,0
1781970920.0861442,1009,12,28,103,240,0,0,0,0
1781970920.1020808,1490,33,72,54,130,0,0,0,0
1781970920.117777,1767,97,70,184,1,0,0,0,0
1781970920.1338453,418,15,104,79,179,0,0,0,0
1781970920.1495144,1009,12,28,105,240,0,0,0,0
1781970920.165461,1490,37,128,56,113,0,0,0,0
1781970920.181344,1767,99,100,214,1,0,0,0,0
1781970920.197168,418,15,100,75,182,0,0,0,0
1781970920.2130642,1009,12,28,107,240,0,0,0,0
1781970920.22886,1490,41,114,89,105,0,0,0,0
1781970920.244754,1767,101,100,220,1,0,0,0,0
1781970920.2605999,418,15,100,71,185,0,0,0,0
1781970920.2764046,1009,12,28,111,240,0,0,0,0
1781970920.2923434,1490,44,36,155,114,0,0,0,0
1781970920.3081772,1767,105,100,20,1,0,0,0,0
1781970920.3158054,418,15,111,65,192,0,0,0,0
1781970920.322315,1009,12,28,115,240,0,0,0,0
1781970920.3286958,1490,44,246,124,110,0,0,0,0
1781970920.3354447,1767,109,100,97,1,0,0,0,0
1781970920.3419359,418,15,119,58,198,0,0,0,0
1781970920.348456,1009,12,28,120,240,0,0,0,0
1781970920.3545856,1490,45,160,166,110,0,0,0,0
1781970920.361218,1767,112,100,164,1,0,0,0,0
1781970920.3676627,418,15,119,51,204,0,0,0,0
1781970920.3731258,1009,12,28,124,240,0,0,0,0
1781970920.3786058,1490,46,134,93,110,0,0,0,0
1781970920.3855526,1767,115,100,164,1,0,0,0,0
1781970920.3925283,418,15,122,45,211,0,0,0,0
1781970920.4007561,1009,12,28,128,240,0,0,0,0
1781970920.4072988,1490,47,68,133,110,0,0,0,0
1781970920.413396,1767,118,100,164,1,0,0,0,0
1781970920.4202476,418,15,126,98,160,0,0,0,0
1781970920.426806,1009,12,28,95,240,0,0,0,0
1781970920.4341896,1490,0,130,20,2,0,0,0,0
1781970920.43979,1767,89,40,76,0,0,0,0,0
1781970920.4461331,418,15,128,98,160,0,0,0,0
1781970920.4527998,1009,12,28,94,240,0,0,0,0
1781970920.4589798,1490,0,90,19,0,0,0,0,0
1781970920.4655035,1767,90,40,74,0,0,0,0,0
1781970920.4721866,418,15,130,97,159,0,0,0,0
1781970920.4828048,1009,12,28,94,240,0,0,0,0
1781970920.4897382,1490,0,160,6,20,0,0,0,0
1781970920.4966507,1767,90,70,69,1,0,0,0,0
1781970920.5049045,418,15,130,96,160,0,0,0,0
1781970920.5105815,1009,12,28,94,240,0,0,0,0
1781970920.5175147,1490,6,4,0,22,0,0,0,0
1781970920.5244331,1767,90,70,73,1,0,0,0,0
1781970920.5311186,418,15,133,95,161,0,0,0,0
1781970920.5375729,1009,12,28,95,240,0,0,0,0
1781970920.5443175,1490,12,118,11,28,0,0,0,0
1781970920.5506551,1767,90,70,73,1,0,0,0,0
1781970920.5571835,418,15,137,93,162,0,0,0,0
1781970920.563504,1009,12,28,95,240,0,0,0,0
1781970920.5701814,1490,15,160,20,45,0,0,0,0
1781970920.5767424,1767,91,70,72,1,0,0,0,0
1781970920.583043,418,15,142,92,163,0,0,0,0
1781970920.5897322,1009,12,28,96,240,0,0,0,0
1781970920.5951986,1490,16,104,35,35,0,0,0,0
1781970920.6008677,1767,91,70,71,1,0,0,0,0
1781970920.6077197,418,15,141,90,164,0,0,0,0
1781970920.6147223,1009,12,28,96,240,0,0,0,0
1781970920.6217175,1490,16,144,36,29,0,0,0,0
1781970920.6285968,1767,91,70,68,1,0,0,0,0
1781970920.6376543,418,15,135,89,165,0,0,0,0
1781970920.6432083,1009,12,28,96,240,0,0,0,0
1781970920.648675,1490,17,168,33,30,0,0,0,0
1781970920.6563969,1767,91,70,67,1,0,0,0,0
1781970920.6616244,418,15,139,87,166,0,0,0,0
1781970920.6680827,1009,12,28,97,240,0,0,0,0
1781970920.6746998,1490,18,42,24,53,0,0,0,0
1781970920.6811545,1767,92,70,69,1,0,0,0,0
1781970920.6911542,418,15,142,86,167,0,0,0,0
1781970920.6993654,1009,12,28,97,240,0,0,0,0
1781970920.7049751,1490,18,32,22,60,0,0,0,0
1781970920.7120306,1767,92,70,73,1,0,0,0,0
1781970920.7188888,418,15,147,84,168,0,0,0,0
1781970920.7258844,1009,12,28,98,240,0,0,0,0
1781970920.732829,1490,17,248,23,56,0,0,0,0
1781970920.7397702,1767,92,70,82,1,0,0,0,0
1781970920.7463565,418,15,146,83,169,0,0,0,0
1781970920.7529852,1009,12,28,98,240,0,0,0,0
1781970920.7595766,1490,23,112,16,90,0,0,0,0
1781970920.765971,1767,93,70,105,1,0,0,0,0
1781970920.7745066,418,15,145,80,172,0,0,0,0
1781970920.7869859,1009,12,28,101,240,0,0,0,0
1781970920.7932236,1490,26,184,0,107,0,0,0,0
1781970920.8022752,1767,95,70,128,1,0,0,0,0
1781970920.8103921,418,15,150,77,174,0,0,0,0
1781970920.8160875,1009,12,28,103,240,0,0,0,0
1781970920.8230255,1490,29,206,11,113,0,0,0,0
1781970920.8300958,1767,97,70,166,1,0,0,0,0
1781970920.8369596,418,15,151,75,177,0,0,0,0
1781970920.844054,1009,12,28,105,240,0,0,0,0
1781970920.850848,1490,33,22,4,120,0,0,0,0
1781970920.8577666,1767,99,70,195,1,0,0,0,0
1781970920.8638463,418,15,158,72,180,0,0,0,0
1781970920.8705356,1009,12,28,108,240,0,0,0,0
1781970920.8770425,1490,36,14,0,122,0,0,0,0
1781970920.8835046,1767,101,100,217,1,0,0,0,0
1781970920.8900428,418,15,161,69,182,0,0,0,0
1781970920.896682,1009,12,28,110,240,0,0,0,0
1781970920.903007,1490,39,226,6,114,0,0,0,0
1781970920.9096274,1767,104,100,4,1,0,0,0,0
1781970920.9160948,418,15,161,63,188,0,0,0,0
1781970920.927371,1009,12,28,115,240,0,0,0,0
1781970920.93545,1490,41,174,1,129,0,0,0,0
1781970920.941144,1767,107,100,72,1,0,0,0,0
1781970920.9499514,418,15,163,56,194,0,0,0,0
1781970920.955364,1009,12,28,119,240,0,0,0,0
1781970920.961987,1490,43,72,0,122,0,0,0,0
1781970920.9684548,1767,111,100,164,1,0,0,0,0
1781970920.9750495,418,15,164,49,201,0,0,0,0
1781970920.9815593,1009,12,28,123,240,0,0,0,0
1781970920.987961,1490,45,130,9,141,0,0,0,0
1781970920.9968178,1767,115,100,164,1,0,0,0,0
1781970921.0091293,418,15,172,43,207,0,0,0,0
1781970921.0176244,1009,12,28,128,240,0,0,0,0
1781970921.0258305,1490,45,230,0,146,0,0,0,0
1781970921.0329232,1767,118,100,164,1,0,0,0,0
1781970921.04045,418,15,178,38,214,0,0,0,0
1781970921.0457115,1009,12,28,132,240,0,0,0,0
1781970921.0523498,1490,1,44,15,4,0,0,0,0
1781970921.0661602,1767,90,40,79,0,0,0,0,0
1781970921.0743923,418,15,185,82,159,0,0,0,0
1781970921.080104,1009,12,28,94,240,0,0,0,0
1781970921.0870261,1490,0,10,20,3,0,0,0,0
1781970921.1004305,1767,89,40,73,0,0,0,0,0
1781970921.1065907,418,15,193,82,159,0,0,0,0
1781970921.1148224,1009,12,28,94,240,0,0,0,0
1781970921.1262984,1490,0,0,17,3,0,0,0,0
1781970921.1323135,1767,89,40,67,0,0,0,0,0
1781970921.1379824,418,15,192,82,159,0,0,0,0
1781970921.1495993,1009,12,28,94,240,0,0,0,0
1781970921.1588056,1490,3,172,18,20,0,0,0,0
1781970921.16543,1767,90,70,69,1,0,0,0,0
1781970921.177363,418,15,191,80,160,0,0,0,0
1781970921.185343,1009,12,28,95,240,0,0,0,0
1781970921.1912758,1490,8,202,31,20,0,0,0,0
1781970921.2033036,1767,90,70,69,1,0,0,0,0
1781970921.212009,418,15,185,79,162,0,0,0,0
1781970921.2201416,1009,12,28,95,240,0,0,0,0
1781970921.2257814,1490,12,38,10,25,0,0,0,0
1781970921.2328095,1767,90,70,67,1,0,0,0,0
1781970921.2398503,418,15,196,77,163,0,0,0,0
1781970921.248051,1009,12,28,95,240,0,0,0,0
1781970921.2536635,1490,14,6,0,25,0,0,0,0
1781970921.2606661,1767,90,70,73,1,0,0,0,0
1781970921.2675183,418,15,202,76,163,0,0,0,0
1781970921.2745326,1009,12,28,96,240,0,0,0,0
1781970921.2825632,1490,15,89,27,25,0,0,0,0
1781970921.288378,1767,91,70,72,1,0,0,0,0
1781970921.2946076,418,15,198,75,165,0,0,0,0
1781970921.302235,1009,12,28,96,240,0,0,0,0
1781970921.3093824,1490,13,172,10,20,0,0,0,0
1781970921.3175344,1767,91,70,76,1,0,0,0,0
1781970921.3231242,418,15,190,73,165,0,0,0,0
1781970921.3300464,1009,12,28,97,240,0,0,0,0
1781970921.336966,1490,13,232,6,20,0,0,0,0
1781970921.3439553,1767,91,70,81,1,0,0,0,0
1781970921.3521278,418,15,197,72,166,0,0,0,0
1781970921.3578055,1009,12,28,97,240,0,0,0,0
1781970921.3647542,1490,16,104,2,31,0,0,0,0
1781970921.3717005,1767,91,70,78,1,0,0,0,0
1781970921.378667,418,15,207,70,168,0,0,0,0
1781970921.3855672,1009,12,28,97,240,0,0,0,0
1781970921.393791,1490,17,148,12,20,0,0,0,0
1781970921.3994422,1767,92,70,78,1,0,0,0,0
1781970921.4057221,418,15,206,69,169,0,0,0,0
1781970921.4121609,1009,12,28,98,240,0,0,0,0
1781970921.418645,1490,18,2,33,33,0,0,0,0
1781970921.4250512,1767,92,70,76,1,0,0,0,0
1781970921.431345,418,15,203,67,170,0,0,0,0
1781970921.4380982,1009,12,28,99,240,0,0,0,0
1781970921.4443765,1490,25,200,31,98,0,0,0,0
1781970921.455012,1767,94,70,104,1,0,0,0,0
1781970921.461962,418,15,199,64,172,0,0,0,0
1781970921.468996,1009,12,28,101,240,0,0,0,0
1781970921.4759502,1490,29,166,0,97,0,0,0,0
1781970921.4828439,1767,96,70,134,1,0,0,0,0
1781970921.4896922,418,15,185,61,175,0,0,0,0
1781970921.4979978,1009,12,28,104,240,0,0,0,0
1781970921.5035603,1490,34,36,0,108,0,0,0,0
1781970921.5105805,1767,98,70,164,1,0,0,0,0
1781970921.517501,418,15,172,58,178,0,0,0,0
1781970921.5258136,1009,12,28,106,240,0,0,0,0
1781970921.5314584,1490,37,228,9,110,0,0,0,0
1781970921.538372,1767,99,70,189,1,0,0,0,0
1781970921.5537803,418,15,169,55,180,0,0,0,0
1781970921.5699062,1009,12,28,108,240,0,0,0,0
1781970921.5855324,1490,41,134,12,95,0,0,0,0
1781970921.601449,1767,102,100,219,1,0,0,0,0
1781970921.6172078,418,15,164,51,183,0,0,0,0
1781970921.6334064,1009,12,28,111,240,0,0,0,0
1781970921.6490524,1490,42,248,145,118,0,0,0,0
1781970921.665154,1767,105,100,45,1,0,0,0,0
1781970921.6816857,418,15,165,44,190,0,0,0,0
1781970921.6976364,1009,12,28,116,240,0,0,0,0
1781970921.713505,1490,43,42,220,110,0,0,0,0
1781970921.729369,1767,109,100,113,1,0,0,0,0
1781970921.7451153,418,15,164,37,197,0,0,0,0
1781970921.7610908,1009,12,28,121,240,0,0,0,0
1781970921.777075,1490,43,252,166,110,0,0,0,0
1781970921.7932708,1767,113,100,164,1,0,0,0,0
1781970921.808833,418,15,160,31,203,0,0,0,0
1781970921.8247497,1009,12,28,126,240,0,0,0,0
1781970921.840769,1490,45,130,188,113,0,0,0,0
1781970921.856672,1767,116,100,164,1,0,0,0,0
1781970921.8723323,418,15,161,24,210,0,0,0,0
1781970921.888393,1009,12,28,130,240,0,0,0,0
1781970921.904637,1490,47,188,159,120,0,0,0,0
1781970921.920366,1767,119,100,164,1,0,0,0,0
1781970921.936325,418,15,159,70,160,0,0,0,0
1781970921.9521668,1009,12,28,95,240,0,0,0,0
1781970921.9639544,1490,0,120,20,3,0,0,0,0
1781970921.9712226,1767,89,40,72,0,0,0,0,0
1781970921.9773014,418,15,161,69,159,0,0,0,0
1781970921.9828365,1009,12,28,94,240,0,0,0,0
1781970921.9897199,1490,0,0,13,3,0,0,0,0
1781970921.9966614,1767,89,40,57,0,0,0,0,0
1781970922.0036256,418,15,165,69,159,0,0,0,0
1781970922.0105944,1009,12,28,94,240,0,0,0,0
1781970922.0178106,1490,1,24,20,20,0,0,0,0
1781970922.1178982,1767,89,40,55,0,0,0,0,0
1781970922.220253,418,15,154,68,160,0,0,0,0
1781970922.3267567,1009,12,28,94,240,0,0,0,0
1781970922.4328637,1490,7,118,0,22,0,0,0,0
1781970922.546741,1767,90,70,52,1,0,0,0,0
1781970922.647221,418,15,142,67,161,0,0,0,0
1781970922.7630858,1009,12,28,95,240,0,0,0,0
1781970922.8648274,1490,11,224,8,28,0,0,0,0
1781970922.9745824,1767,90,70,55,1,0,0,0,0
1781970923.0801158,418,15,142,66,162,0,0,0,0
1781970923.180323,1009,12,28,95,240,0,0,0,0
1781970923.2937193,1490,13,162,18,20,0,0,0,0
1781970923.405372,1767,90,70,56,1,0,0,0,0
1781970923.5167356,418,15,136,64,163,0,0,0,0
1781970923.6279705,1009,12,28,95,240,0,0,0,0
1781970923.7386696,1490,16,14,0,20,0,0,0,0
1781970923.8440259,1767,90,70,56,1,0,0,0,0
1781970923.9481971,418,15,143,63,164,0,0,0,0
1781970924.0498323,1009,12,28,96,240,0,0,0,0
1781970924.1528316,1490,15,230,0,20,0,0,0,0
1781970924.2537348,1767,91,70,63,1,0,0,0,0
1781970924.358214,418,15,147,61,165,0,0,0,0
1781970924.459897,1009,12,28,96,240,0,0,0,0
1781970924.5600686,1490,16,114,0,23,0,0,0,0
1781970924.671393,1767,91,70,64,1,0,0,0,0
1781970924.7746255,418,15,144,60,166,0,0,0,0
1781970924.8897743,1009,12,28,96,240,0,0,0,0
1781970925.0003786,1490,17,58,0,20,0,0,0,0
1781970925.1060915,1767,91,70,64,1,0,0,0,0
1781970925.2174313,418,15,146,58,167,0,0,0,0
1781970925.3292494,1009,12,28,97,240,0,0,0,0
1781970925.4402626,1490,18,2,12,27,0,0,0,0
1781970925.551717,1767,92,70,67,1,0,0,0,0
1781970925.6655169,418,15,151,57,168,0,0,0,0
1781970925.7813978,1009,12,28,97,240,0,0,0,0
1781970925.892288,1490,18,132,27,33,0,0,0,0
1781970925.9961002,1767,92,70,68,1,0,0,0,0
1781970926.1074548,418,15,144,56,169,0,0,0,0
1781970926.213659,1009,12,28,98,240,0,0,0,0
1781970926.3193078,1490,23,112,0,90,0,0,0,0
1781970926.4309525,1767,93,70,80,1,0,0,0,0
1781970926.5317683,418,15,140,53,171,0,0,0,0
1781970926.6466234,1009,12,28,100,240,0,0,0,0
1781970926.7570562,1490,26,194,16,96,0,0,0,0
1781970926.8719203,1767,95,70,109,1,0,0,0,0
1781970926.9746747,418,15,142,50,174,0,0,0,0
1781970927.08032,1009,12,28,103,240,0,0,0,0
1781970927.1813836,1490,30,20,18,90,0,0,0,0
1781970927.2851293,1767,96,70,132,1,0,0,0,0
1781970927.3873482,418,15,152,47,177,0,0,0,0
1781970927.4899573,1009,12,28,105,240,0,0,0,0
1781970927.6002438,1490,34,216,65,95,0,0,0,0
1781970927.7112253,1767,99,70,166,1,0,0,0,0
1781970927.822936,418,15,146,44,180,0,0,0,0
1781970927.9345965,1009,12,28,107,240,0,0,0,0
1781970928.0471513,1490,38,142,33,111,0,0,0,0
1781970928.152739,1767,101,100,191,1,0,0,0,0
1781970928.2558591,418,15,146,41,183,0,0,0,0
1781970928.3669868,1009,12,28,110,240,0,0,0,0
1781970928.4811342,1490,41,124,44,110,0,0,0,0
1781970928.5966814,1767,103,100,235,1,0,0,0,0
1781970928.7077215,418,15,143,35,189,0,0,0,0
1781970928.8096704,1009,12,28,114,240,0,0,0,0
1781970928.9121547,1490,43,232,76,110,0,0,0,0
1781970929.0148177,1767,106,100,64,1,0,0,0,0
1781970929.1259143,418,15,148,29,196,0,0,0,0
1781970929.2263298,1009,12,28,119,240,0,0,0,0
1781970929.3380275,1490,44,136,115,119,0,0,0,0
1781970929.4452524,1767,110,100,135,1,0,0,0,0
1781970929.5495467,418,15,156,22,204,0,0,0,0
1781970929.6566734,1009,12,28,123,240,0,0,0,0
1781970929.7668326,1490,46,54,14,111,0,0,0,0
1781970929.8722403,1767,113,100,164,1,0,0,0,0
1781970929.9753573,418,15,155,15,211,0,0,0,0
1781970930.0759072,1009,12,28,127,240,0,0,0,0
1781970930.1885622,1490,48,242,76,116,0,0,0,0
1781970930.299816,1767,117,100,164,1,0,0,0,0
1781970930.3997767,418,15,148,10,218,0,0,0,0
1781970930.50951,1009,12,28,132,240,0,0,0,0
1781970930.6214523,1490,1,44,2,4,0,0,0,0
1781970930.721634,1767,89,40,75,0,0,0,0,0
1781970930.8256946,418,15,155,69,160,0,0,0,0
1781970930.9338653,1009,12,28,94,240,0,0,0,0
1781970931.0443914,1490,0,40,2,0,0,0,0,0
1781970931.1598916,1767,89,40,73,0,0,0,0,0
1781970931.2632263,418,15,169,69,160,0,0,0,0
1781970931.3649359,1009,12,28,94,240,0,0,0,0
1781970931.4673035,1490,0,70,2,0,0,0,0,0
1781970931.5732737,1767,89,40,65,0,0,0,0,0
1781970931.6852162,418,15,166,69,160,0,0,0,0
1781970931.797465,1009,12,28,94,240,0,0,0,0
1781970931.8997536,1490,5,140,0,21,0,0,0,0
1781970932.004983,1767,89,70,65,1,0,0,0,0
1781970932.1125228,418,15,165,67,161,0,0,0,0
1781970932.2204096,1009,12,28,95,240,0,0,0,0
1781970932.3233652,1490,9,146,19,20,0,0,0,0
1781970932.4336963,1767,90,70,67,1,0,0,0,0
1781970932.544653,418,15,170,66,162,0,0,0,0
1781970932.6539085,1009,12,28,95,240,0,0,0,0
1781970932.7577422,1490,12,78,1,24,0,0,0,0
1781970932.8673308,1767,90,70,74,1,0,0,0,0
1781970932.9760253,418,15,162,64,163,0,0,0,0
1781970933.0847456,1009,12,28,95,240,0,0,0,0
1781970933.1969745,1490,14,56,20,28,0,0,0,0
1781970933.2981,1767,90,70,79,1,0,0,0,0
1781970933.3997805,418,15,165,63,164,0,0,0,0
1781970933.5023804,1009,12,28,96,240,0,0,0,0
1781970933.6047244,1490,15,180,0,20,0,0,0,0
1781970933.7140155,1767,90,70,80,1,0,0,0,0
1781970933.8235297,418,15,178,61,165,0,0,0,0
1781970933.9350162,1009,12,28,96,240,0,0,0,0
1781970934.0362303,1490,17,218,15,24,0,0,0,0
1781970934.1452906,1767,91,70,88,1,0,0,0,0
1781970934.2469666,418,15,184,60,166,0,0,0,0
1781970934.351239,1009,12,28,97,240,0,0,0,0
1781970934.4548795,1490,16,134,24,39,0,0,0,0
1781970934.5595834,1767,91,70,87,1,0,0,0,0
1781970934.6647778,418,15,187,58,167,0,0,0,0
1781970934.7684126,1009,12,28,97,240,0,0,0,0
1781970934.872936,1490,18,52,21,31,0,0,0,0
1781970934.976223,1767,91,70,90,1,0,0,0,0
1781970935.0945392,418,15,175,57,168,0,0,0,0
1781970935.1984384,1009,12,28,98,240,0,0,0,0
1781970935.2995987,1490,20,40,42,26,0,0,0,0
1781970935.4106195,1767,92,70,93,1,0,0,0,0
1781970935.520434,418,15,164,56,169,0,0,0,0
1781970935.622902,1009,12,28,98,240,0,0,0,0
1781970935.731339,1490,19,186,40,20,0,0,0,0
1781970935.8328943,1767,92,70,91,1,0,0,0,0
1781970935.9368591,418,15,165,54,170,0,0,0,0
1781970936.0482893,1009,12,28,99,240,0,0,0,0
1781970936.1502867,1490,25,59,31,99,0,0,0,0
1781970936.258527,1767,94,70,121,1,0,0,0,0
1781970936.3622813,418,15,175,50,173,0,0,0,0
1781970936.4707985,1009,12,28,102,240,0,0,0,0
1781970936.5804813,1490,28,172,47,90,0,0,0,0
1781970936.6843483,1767,96,70,151,1,0,0,0,0
1781970936.7890942,418,15,173,47,175,0,0,0,0
1781970936.895338,1009,12,28,104,240,0,0,0,0
1781970936.997132,1490,32,58,36,93,0,0,0,0
1781970937.099723,1767,98,70,183,1,0,0,0,0
1781970937.2020688,418,15,171,43,178,0,0,0,0
1781970937.3099356,1009,12,28,107,240,0,0,0,0
1781970937.4140146,1490,36,14,26,90,0,0,0,0
1781970937.524853,1767,100,70,217,1,0,0,0,0
1781970937.6343677,418,15,182,40,180,0,0,0,0
1781970937.742409,1009,12,28,109,240,0,0,0,0
1781970937.858697,1490,40,200,21,90,0,0,0,0
1781970937.978724,1767,102,100,220,1,0,0,0,0
1781970938.0978856,418,15,185,37,184,0,0,0,0
1781970938.2081077,1009,12,28,113,240,0,0,0,0
1781970938.3100247,1490,43,112,0,114,0,0,0,0
1781970938.4198284,1767,105,100,34,1,0,0,0,0
1781970938.528521,418,15,175,31,189,0,0,0,0
1781970938.638717,1009,12,28,117,240,0,0,0,0
1781970938.7423804,1490,44,206,0,116,0,0,0,0
1781970938.8439274,1767,109,100,119,1,0,0,0,0
1781970938.9558403,418,15,177,25,196,0,0,0,0
1781970939.070262,1009,12,28,122,240,0,0,0,0
1781970939.1737847,1490,46,134,0,124,0,0,0,0
1781970939.2750695,1767,113,100,164,1,0,0,0,0
1781970939.3777564,418,15,176,19,202,0,0,0,0
1781970939.487248,1009,12,28,126,240,0,0,0,0
1781970939.5888028,1490,48,112,24,139,0,0,0,0
1781970939.69128,1767,116,100,164,1,0,0,0,0
1781970939.8067694,418,15,182,12,208,0,0,0,0
1781970939.9150615,1009,12,28,130,240,0,0,0,0
1781970940.018064,1490,49,146,40,121,0,0,0,0
1781970940.1305609,1767,120,100,164,1,0,0,0,0
1781970940.233414,418,15,181,70,160,0,0,0,0
1781970940.3366427,1009,12,28,94,240,0,0,0,0
1781970940.4478126,1490,0,150,20,4,0,0,0,0
1781970940.5481012,1767,90,40,68,0,0,0,0,0
1781970940.6485744,418,15,181,69,159,0,0,0,0
1781970940.7522852,1009,12,28,94,240,0,0,0,0
1781970940.8608286,1490,0,0,17,1,0,0,0,0
1781970940.9625444,1767,89,40,57,0,0,0,0,0
1781970941.068269,418,15,177,69,159,0,0,0,0
1781970941.178703,1009,12,28,94,240,0,0,0,0
1781970941.2932932,1490,0,200,22,20,0,0,0,0
1781970941.3965883,1767,89,40,49,0,0,0,0,0
1781970941.4966424,418,15,175,68,160,0,0,0,0
1781970941.6046119,1009,12,28,94,240,0,0,0,0
1781970941.7080348,1490,5,60,8,24,0,0,0,0
1781970941.8191307,1767,90,70,51,1,0,0,0,0
1781970941.920854,418,15,178,67,161,0,0,0,0
1781970942.0240474,1009,12,28,95,240,0,0,0,0
1781970942.1260645,1490,10,170,11,24,0,0,0,0
1781970942.2265592,1767,90,70,56,1,0,0,0,0
1781970942.3415709,418,15,173,65,162,0,0,0,0
1781970942.4555001,1009,12,28,95,240,0,0,0,0
1781970942.5675254,1490,13,172,5,20,0,0,0,0
1781970942.668468,1767,90,70,60,1,0,0,0,0
1781970942.7851145,418,15,172,64,163,0,0,0,0
1781970942.88649,1009,12,28,96,240,0,0,0,0
1781970942.9906468,1490,16,194,7,20,0,0,0,0
1781970943.1054866,1767,90,70,63,1,0,0,0,0
1781970943.2155666,418,15,170,62,164,0,0,0,0
1781970943.327771,1009,12,28,96,240,0,0,0,0
1781970943.431966,1490,17,88,14,25,0,0,0,0
1781970943.542992,1767,91,70,70,1,0,0,0,0
1781970943.6540887,418,15,170,61,165,0,0,0,0
1781970943.7652874,1009,12,28,97,240,0,0,0,0
1781970943.8760242,1490,18,152,14,25,0,0,0,0
1781970943.98689,1767,91,70,70,1,0,0,0,0
1781970944.0989096,418,15,166,59,166,0,0,0,0
1781970944.2108343,1009,12,28,97,240,0,0,0,0
1781970944.3219604,1490,18,182,0,30,0,0,0,0
1781970944.433583,1767,91,70,70,1,0,0,0,0
1781970944.5443332,418,15,157,58,167,0,0,0,0
1781970944.6561177,1009,12,28,97,240,0,0,0,0
1781970944.767088,1490,18,212,25,28,0,0,0,0
1781970944.877735,1767,92,70,70,1,0,0,0,0
1781970944.9898279,418,15,155,56,169,0,0,0,0
1781970945.0949764,1009,12,28,98,240,0,0,0,0
1781970945.2032063,1490,19,176,44,36,0,0,0,0
1781970945.3148224,1767,92,70,71,1,0,0,0,0
1781970945.4164894,418,15,154,55,170,0,0,0,0
1781970945.519157,1009,12,28,98,240,0,0,0,0
1781970945.6194165,1490,23,112,25,90,0,0,0,0
1781970945.7265227,1767,93,70,89,1,0,0,0,0
1781970945.830696,418,15,168,52,172,0,0,0,0
1781970945.9383698,1009,12,28,101,240,0,0,0,0
1781970946.0390503,1490,28,22,51,104,0,0,0,0
1781970946.1430783,1767,95,70,125,1,0,0,0,0
1781970946.2482216,418,15,158,49,174,0,0,0,0
1781970946.3550448,1009,12,28,103,240,0,0,0,0
1781970946.4633408,1490,31,144,80,108,0,0,0,0
1781970946.566723,1767,97,70,149,1,0,0,0,0
1781970946.6710515,418,15,163,46,177,0,0,0,0
1781970946.7807994,1009,12,28,106,240,0,0,0,0
1781970946.8858202,1490,35,180,118,138,0,0,0,0
1781970947.000897,1767,99,70,189,1,0,0,0,0
1781970947.1130369,418,15,165,43,180,0,0,0,0
1781970947.2216554,1009,12,28,108,240,0,0,0,0
1781970947.3239665,1490,40,170,136,150,0,0,0,0
1781970947.4250827,1767,100,100,220,1,0,0,0,0
1781970947.5322297,418,15,156,40,183,0,0,0,0
1781970947.633545,1009,12,28,111,240,0,0,0,0
1781970947.7372336,1490,43,232,170,148,0,0,0,0
1781970947.8378038,1767,103,100,0,1,0,0,0,0
1781970947.9446533,418,15,140,34,188,0,0,0,0
1781970948.049544,1009,12,28,115,240,0,0,0,0
1781970948.1595402,1490,45,60,73,165,0,0,0,0
1781970948.2619915,1767,106,100,76,1,0,0,0,0
1781970948.365423,418,15,135,27,196,0,0,0,0
1781970948.4789615,1009,12,28,119,240,0,0,0,0
1781970948.5881674,1490,46,14,161,193,0,0,0,0
1781970948.6892061,1767,110,100,143,1,0,0,0,0
1781970948.7933002,418,15,126,21,204,0,0,0,0
1781970948.9024665,1009,12,28,124,240,0,0,0,0
1781970949.0142853,1490,47,48,182,200,0,0,0,0
1781970949.1190841,1767,113,100,164,1,0,0,0,0
1781970949.2241232,418,15,126,14,211,0,0,0,0
1781970949.332257,1009,12,28,128,240,0,0,0,0
1781970949.4464436,1490,48,2,151,193,0,0,0,0
1781970949.555324,1767,117,100,164,1,0,0,0,0
1781970949.6563122,418,15,119,10,218,0,0,0,0
1781970949.766422,1009,12,28,133,240,0,0,0,0
1781970949.8781102,1490,1,44,20,4,0,0,0,0
1781970949.9792888,1767,89,40,77,0,0,0,0,0
1781970950.080691,418,15,128,69,159,0,0,0,0
1781970950.1839893,1009,12,28,94,240,0,0,0,0
1781970950.2938583,1490,0,0,8,2,0,0,0,0
1781970950.3966074,1767,89,40,68,0,0,0,0,0
1781970950.5122507,418,15,129,69,159,0,0,0,0
1781970950.6222897,1009,12,28,94,240,0,0,0,0
1781970950.7266107,1490,0,20,2,1,0,0,0,0
1781970950.8324163,1767,89,40,55,0,0,0,0,0
1781970950.935009,418,15,142,69,159,0,0,0,0
1781970951.039076,1009,12,28,94,240,0,0,0,0
1781970951.1456718,1490,3,112,17,21,0,0,0,0
1781970951.2532618,1767,89,70,58,1,0,0,0,0
1781970951.3661916,418,15,149,68,160,0,0,0,0
1781970951.4697769,1009,12,28,95,240,0,0,0,0
1781970951.5800545,1490,8,62,33,28,0,0,0,0
1781970951.691119,1767,89,70,57,1,0,0,0,0
1781970951.7946813,418,15,154,66,161,0,0,0,0
1781970951.9067955,1009,12,28,95,240,0,0,0,0
1781970952.013879,1490,10,20,24,20,0,0,0,0
1781970952.1247091,1767,90,70,55,1,0,0,0,0
1781970952.2249653,418,15,163,65,162,0,0,0,0
1781970952.3351529,1009,12,28,95,240,0,0,0,0
1781970952.444784,1490,12,207,35,24,0,0,0,0
1781970952.5558689,1767,90,70,56,1,0,0,0,0
1781970952.6664987,418,15,169,63,163,0,0,0,0
1781970952.7769666,1009,12,28,96,240,0,0,0,0
1781970952.8870747,1490,14,176,33,20,0,0,0,0
1781970952.9986498,1767,90,70,61,1,0,0,0,0
1781970953.1090596,418,15,173,62,164,0,0,0,0
1781970953.2197068,1009,12,28,96,240,0,0,0,0
1781970953.330219,1490,16,104,34,29,0,0,0,0
1781970953.4405458,1767,91,70,68,1,0,0,0,0
1781970953.5512676,418,15,184,60,165,0,0,0,0
1781970953.662194,1009,12,28,97,240,0,0,0,0
1781970953.7728517,1490,17,188,34,30,0,0,0,0
1781970953.8846333,1767,91,70,71,1,0,0,0,0
1781970953.9952548,418,15,190,59,166,0,0,0,0
1781970954.1066432,1009,12,28,97,240,0,0,0,0
1781970954.2174814,1490,17,48,35,32,0,0,0,0
1781970954.3286602,1767,91,70,79,1,0,0,0,0
1781970954.4378505,418,15,190,58,167,0,0,0,0
1781970954.5492895,1009,12,28,97,240,0,0,0,0
1781970954.6598654,1490,19,46,30,41,0,0,0,0
1781970954.7711208,1767,91,70,78,1,0,0,0,0
1781970954.8820083,418,15,195,56,168,0,0,0,0
1781970954.9925196,1009,12,28,98,240,0,0,0,0
1781970955.103765,1490,17,248,18,33,0,0,0,0
1781970955.2148466,1767,92,70,79,1,0,0,0,0
1781970955.3261538,418,15,183,54,170,0,0,0,0
1781970955.4370775,1009,12,28,99,240,0,0,0,0
1781970955.547403,1490,25,140,12,93,0,0,0,0
1781970955.6580968,1767,94,70,101,1,0,0,0,0
1781970955.7683413,418,15,188,51,172,0,0,0,0
1781970955.879082,1009,12,28,102,240,0,0,0,0
1781970955.9894216,1490,29,96,70,110,0,0,0,0
1781970956.1004198,1767,96,70,132,1,0,0,0,0
1781970956.211163,418,15,201,49,175,0,0,0,0
1781970956.3222826,1009,12,28,104,240,0,0,0,0
1781970956.433092,1490,33,12,78,105,0,0,0,0
1781970956.544089,1767,98,70,165,1,0,0,0,0
1781970956.6553564,418,15,220,45,177,0,0,0,0
1781970956.7670963,1009,12,28,106,240,0,0,0,0
1781970956.8775244,1490,36,184,52,109,0,0,0,0
1781970956.9807081,1767,100,70,199,1,0,0,0,0
1781970957.0917096,418,15,220,42,180,0,0,0,0
1781970957.20251,1009,12,28,109,240,0,0,0,0
1781970957.303158,1490,40,220,49,90,0,0,0,0
1781970957.4042459,1767,102,100,220,1,0,0,0,0
1781970957.5151618,418,15,221,38,184,0,0,0,0
1781970957.6254652,1009,12,28,113,240,0,0,0,0
1781970957.736277,1490,42,218,0,120,0,0,0,0
1781970957.8480115,1767,105,100,31,1,0,0,0,0
1781970957.9600623,418,15,228,31,190,0,0,0,0
1781970958.070652,1009,12,28,117,240,0,0,0,0
1781970958.1824093,1490,44,66,0,118,0,0,0,0
1781970958.2933052,1767,108,100,118,1,0,0,0,0
1781970958.4028587,418,15,225,25,196,0,0,0,0
1781970958.5137243,1009,12,28,122,240,0,0,0,0
1781970958.6243641,1490,46,134,36,135,0,0,0,0
1781970958.73447,1767,111,100,164,1,0,0,0,0
1781970958.8442268,418,15,225,20,202,0,0,0,0
1781970958.9563913,1009,12,28,126,240,0,0,0,0
1781970959.067158,1490,48,152,64,147,0,0,0,0
1781970959.1793344,1767,115,100,164,1,0,0,0,0
1781970959.2902994,418,15,220,13,209,0,0,0,0
1781970959.400302,1009,12,28,130,240,0,0,0,0
1781970959.511327,1490,50,80,26,159,0,0,0,0
1781970959.622439,1767,119,100,164,1,0,0,0,0
1781970959.7338152,418,15,212,79,160,0,0,0,0
1781970959.8450508,1009,12,28,94,240,0,0,0,0
1781970959.9563124,1490,0,150,3,2,0,0,0,0
1781970960.0668838,1767,89,40,75,0,0,0,0,0
1781970960.1782236,418,15,206,79,159,0,0,0,0
1781970960.2886493,1009,12,28,94,240,0,0,0,0
1781970960.3996816,1490,0,20,0,2,0,0,0,0
1781970960.510678,1767,89,40,72,0,0,0,0,0
1781970960.622262,418,15,213,79,159,0,0,0,0
1781970960.7330277,1009,12,28,94,240,0,0,0,0
1781970960.8432658,1490,2,58,12,20,0,0,0,0
1781970960.9540987,1767,89,40,67,0,0,0,0,0
1781970961.0657454,418,15,207,78,160,0,0,0,0
1781970961.1771805,1009,12,28,94,240,0,0,0,0
1781970961.2878413,1490,6,124,33,23,0,0,0,0
1781970961.3985133,1767,90,70,67,1,0,0,0,0
1781970961.5092657,418,15,200,76,161,0,0,0,0
1781970961.6204154,1009,12,28,95,240,0,0,0,0
1781970961.7305918,1490,9,66,35,32,0,0,0,0
1781970961.841068,1767,90,70,69,1,0,0,0,0
1781970961.9524293,418,15,198,75,162,0,0,0,0
1781970962.0616746,1009,12,28,95,240,0,0,0,0
1781970962.1733696,1490,13,232,42,37,0,0,0,0
1781970962.2841494,1767,90,70,75,1,0,0,0,0
1781970962.394185,418,15,197,73,163,0,0,0,0
1781970962.4997542,1009,12,28,96,240,0,0,0,0
1781970962.6116593,1490,15,0,51,37,0,0,0,0
1781970962.7224274,1767,91,70,78,1,0,0,0,0
1781970962.8325,418,15,200,72,164,0,0,0,0
1781970962.9462657,1009,12,28,96,240,0,0,0,0
1781970963.0573266,1490,15,250,40,29,0,0,0,0
1781970963.167973,1767,91,70,79,1,0,0,0,0
1781970963.2777472,418,15,192,70,165,0,0,0,0
1781970963.3889701,1009,12,28,96,240,0,0,0,0
1781970963.4993737,1490,16,44,44,34,0,0,0,0
1781970963.6098773,1767,91,70,80,1,0,0,0,0
1781970963.7202039,418,15,192,69,166,0,0,0,0
1781970963.8311667,1009,12,28,97,240,0,0,0,0
1781970963.9420283,1490,15,189,48,38,0,0,0,0
1781970964.0530498,1767,91,70,80,1,0,0,0,0
1781970964.1643097,418,15,189,68,167,0,0,0,0
1781970964.2747755,1009,12,28,97,240,0,0,0,0
1781970964.3855538,1490,15,239,50,36,0,0,0,0
1781970964.4957864,1767,92,70,82,1,0,0,0,0
1781970964.6073434,418,15,181,66,168,0,0,0,0
1781970964.7181547,1009,12,28,98,240,0,0,0,0
1781970964.8289948,1490,17,208,51,29,0,0,0,0
1781970964.939667,1767,92,70,86,1,0,0,0,0
1781970965.0502574,418,15,188,65,169,0,0,0,0
1781970965.1607466,1009,12,28,98,240,0,0,0,0
1781970965.2721655,1490,23,112,39,90,0,0,0,0
1781970965.3843095,1767,93,70,96,1,0,0,0,0
1781970965.4948454,418,15,191,62,171,0,0,0,0
1781970965.6058202,1009,12,28,100,240,0,0,0,0
1781970965.7157588,1490,27,178,46,91,0,0,0,0
1781970965.8260596,1767,95,70,133,1,0,0,0,0
1781970965.9364378,418,15,196,59,173,0,0,0,0
1781970966.0466506,1009,12,28,102,240,0,0,0,0
1781970966.1574876,1490,31,244,59,93,0,0,0,0
1781970966.2674422,1767,97,70,161,1,0,0,0,0
1781970966.3780367,418,15,204,56,176,0,0,0,0
1781970966.4890528,1009,12,28,105,240,0,0,0,0
1781970966.599921,1490,35,10,68,92,0,0,0,0
1781970966.7116334,1767,99,70,184,1,0,0,0,0
1781970966.8228416,418,15,196,53,179,0,0,0,0
1781970966.9333034,1009,12,28,108,240,0,0,0,0
1781970967.0440865,1490,39,46,71,90,0,0,0,0
1781970967.1547096,1767,101,100,219,1,0,0,0,0
1781970967.2653008,418,15,193,50,181,0,0,0,0
1781970967.381283,1009,12,28,110,240,0,0,0,0
1781970967.492822,1490,43,102,47,110,0,0,0,0
1781970967.6045494,1767,103,100,255,1,0,0,0,0
1781970967.7149255,418,15,192,45,187,0,0,0,0
1781970967.8259742,1009,12,28,114,240,0,0,0,0
1781970967.9309807,1490,45,140,0,113,0,0,0,0
1781970968.0414133,1767,107,100,66,1,0,0,0,0
1781970968.1522875,418,15,197,38,193,0,0,0,0
1781970968.2628944,1009,12,28,119,240,0,0,0,0
1781970968.3734674,1490,46,214,46,115,0,0,0,0
1781970968.4840744,1767,110,100,148,1,0,0,0,0
1781970968.593042,418,15,200,30,199,0,0,0,0
1781970968.7039125,1009,12,28,123,240,0,0,0,0
1781970968.8143048,1490,48,72,7,124,0,0,0,0
1781970968.9254687,1767,113,100,164,1,0,0,0,0
1781970969.0368252,418,15,196,25,207,0,0,0,0
1781970969.14811,1009,12,28,127,240,0,0,0,0
1781970969.2592337,1490,49,96,0,121,0,0,0,0
1781970969.3697464,1767,117,100,164,1,0,0,0,0
1781970969.4811277,418,15,192,19,213,0,0,0,0
1781970969.5919466,1009,12,28,132,240,0,0,0,0
1781970969.7036,1490,1,44,0,4,0,0,0,0
1781970969.8141713,1767,90,40,76,0,0,0,0,0
1781970969.9247377,418,15,194,72,159,0,0,0,0
1781970970.0353854,1009,12,28,94,240,0,0,0,0
1781970970.146046,1490,0,10,0,3,0,0,0,0
1781970970.2571232,1767,89,40,63,0,0,0,0,0
1781970970.3678315,418,15,199,72,159,0,0,0,0
1781970970.4789026,1009,12,28,94,240,0,0,0,0
1781970970.5902162,1490,0,0,0,3,0,0,0,0
1781970970.7014728,1767,89,40,53,0,0,0,0,0
1781970970.8128247,418,15,202,72,160,0,0,0,0
1781970970.9242425,1009,12,28,94,240,0,0,0,0
1781970971.034401,1490,5,0,18,20,0,0,0,0
1781970971.1454065,1767,89,70,61,1,0,0,0,0
1781970971.2559514,418,15,188,70,161,0,0,0,0
1781970971.3661897,1009,12,28,94,240,0,0,0,0
1781970971.4767704,1490,10,70,30,22,0,0,0,0
1781970971.5878735,1767,90,70,62,1,0,0,0,0
1781970971.698415,418,15,199,69,162,0,0,0,0
1781970971.8095555,1009,12,28,95,240,0,0,0,0
1781970971.9205034,1490,14,136,40,20,0,0,0,0
1781970972.0305495,1767,90,70,64,1,0,0,0,0
1781970972.1422422,418,15,193,67,163,0,0,0,0
1781970972.2539337,1009,12,28,95,240,0,0,0,0
1781970972.3623502,1490,15,120,62,20,0,0,0,0
1781970972.474328,1767,90,70,70,1,0,0,0,0
1781970972.5855827,418,15,190,65,164,0,0,0,0
1781970972.6965528,1009,12,28,95,240,0,0,0,0
1781970972.808505,1490,15,100,49,27,0,0,0,0
1781970972.9196203,1767,90,70,74,1,0,0,0,0
1781970973.0306938,418,15,190,64,165,0,0,0,0
1781970973.1415653,1009,12,28,96,240,0,0,0,0
1781970973.2511342,1490,16,214,69,34,0,0,0,0
1781970973.356969,1767,91,70,78,1,0,0,0,0
1781970973.468083,418,15,188,63,166,0,0,0,0
1781970973.5790412,1009,12,28,96,240,0,0,0,0
1781970973.6896825,1490,17,188,51,42,0,0,0,0
1781970973.7933621,1767,91,70,79,1,0,0,0,0
1781970973.9045572,418,15,192,61,167,0,0,0,0
1781970974.0140846,1009,12,28,97,240,0,0,0,0
1781970974.1240366,1490,19,6,73,30,0,0,0,0
1781970974.2343307,1767,91,70,84,1,0,0,0,0
1781970974.3448596,418,15,188,60,168,0,0,0,0
1781970974.455505,1009,12,28,97,240,0,0,0,0
1781970974.5670226,1490,19,86,72,31,0,0,0,0
1781970974.677761,1767,92,70,89,1,0,0,0,0
1781970974.7889135,418,15,188,59,169,0,0,0,0
1781970974.8991694,1009,12,28,97,240,0,0,0,0
1781970975.009959,1490,21,154,70,38,0,0,0,0
1781970975.120485,1767,92,70,93,1,0,0,0,0
1781970975.230682,418,15,189,57,171,0,0,0,0
1781970975.3413818,1009,12,28,99,240,0,0,0,0
1781970975.4523675,1490,25,70,76,92,0,0,0,0
1781970975.5636387,1767,94,70,117,1,0,0,0,0
1781970975.6747031,418,15,190,54,173,0,0,0,0
1781970975.7859,1009,12,28,101,240,0,0,0,0
1781970975.8964424,1490,29,216,48,98,0,0,0,0
1781970976.0073524,1767,96,70,144,1,0,0,0,0
1781970976.1184096,418,15,177,51,176,0,0,0,0
1781970976.2298465,1009,12,28,104,240,0,0,0,0
1781970976.3405442,1490,33,22,95,108,0,0,0,0
1781970976.4514914,1767,98,70,185,1,0,0,0,0
1781970976.5619204,418,15,180,48,179,0,0,0,0
1781970976.6725888,1009,12,28,106,240,0,0,0,0
1781970976.7831955,1490,36,44,79,93,0,0,0,0
1781970976.8937948,1767,100,100,211,1,0,0,0,0
1781970977.00415,418,15,188,45,182,0,0,0,0
1781970977.1145897,1009,12,28,108,240,0,0,0,0
1781970977.2263336,1490,40,100,83,111,0,0,0,0
1781970977.3420997,1767,102,100,220,1,0,0,0,0
1781970977.4537816,418,15,182,41,184,0,0,0,0
1781970977.5644276,1009,12,28,112,240,0,0,0,0
1781970977.6761694,1490,42,18,68,110,0,0,0,0
1781970977.7878215,1767,106,100,44,1,0,0,0,0
1781970977.8995416,418,15,171,35,190,0,0,0,0
1781970978.0113707,1009,12,28,116,240,0,0,0,0
1781970978.1228943,1490,43,182,38,113,0,0,0,0
1781970978.1382973,1767,109,100,114,1,0,0,0,0
1781970978.153708,418,15,176,28,197,0,0,0,0
1781970978.1694858,1009,12,28,120,240,0,0,0,0
1781970978.1855965,1490,44,66,63,110,0,0,0,0
1781970978.201512,1767,113,100,164,1,0,0,0,0
1781970978.2171364,418,15,180,22,204,0,0,0,0
1781970978.2329295,1009,12,28,124,240,0,0,0,0
1781970978.2487562,1490,45,0,42,129,0,0,0,0
1781970978.2645905,1767,117,100,164,1,0,0,0,0
1781970978.2806349,418,15,184,17,211,0,0,0,0
1781970978.2965138,1009,12,28,129,240,0,0,0,0
1781970978.3122914,1490,46,134,10,144,0,0,0,0
1781970978.3280637,1767,120,100,164,1,0,0,0,0
1781970978.3442082,418,15,191,80,160,0,0,0,0
1781970978.3597221,1009,12,28,94,240,0,0,0,0
1781970978.3754501,1490,0,60,20,2,0,0,0,0
1781970978.391306,1767,90,40,74,0,0,0,0,0
1781970978.407032,418,15,197,79,159,0,0,0,0
1781970978.4228637,1009,12,28,94,240,0,0,0,0
1781970978.438615,1490,0,0,20,4,0,0,0,0
1781970978.453886,1767,89,40,65,0,0,0,0,0
1781970978.469538,418,15,193,79,159,0,0,0,0
1781970978.4854789,1009,12,28,94,240,0,0,0,0
1781970978.5014293,1490,1,74,26,20,0,0,0,0
1781970978.517117,1767,90,40,59,0,0,0,0,0
1781970978.532312,418,15,196,78,160,0,0,0,0
1781970978.5485406,1009,12,28,94,240,0,0,0,0
1781970978.5647078,1490,5,160,0,29,0,0,0,0
1781970978.5805216,1767,90,70,67,1,0,0,0,0
1781970978.5963666,418,15,203,77,160,0,0,0,0
1781970978.6123405,1009,12,28,95,240,0,0,0,0
1781970978.6283553,1490,10,20,25,35,0,0,0,0
1781970978.6442869,1767,90,70,69,1,0,0,0,0
1781970978.6603625,418,15,210,75,161,0,0,0,0
1781970978.676348,1009,12,28,95,240,0,0,0,0
1781970978.6920962,1490,12,248,38,27,0,0,0,0
1781970978.7078743,1767,90,70,73,1,0,0,0,0
1781970978.7239435,418,15,200,73,163,0,0,0,0
1781970978.7398398,1009,12,28,96,240,0,0,0,0
1781970978.7558331,1490,14,245,47,24,0,0,0,0
1781970978.7621217,1767,91,70,73,1,0,0,0,0
1781970978.7691293,418,15,197,72,163,0,0,0,0
1781970978.7841206,1009,12,28,96,240,0,0,0,0
1781970978.799877,1490,16,204,29,29,0,0,0,0
1781970978.8155355,1767,91,70,74,1,0,0,0,0
1781970978.8316655,418,15,191,70,164,0,0,0,0
1781970978.8475294,1009,12,28,96,240,0,0,0,0
1781970978.8635454,1490,18,232,49,20,0,0,0,0
1781970978.8794904,1767,91,70,75,1,0,0,0,0
1781970978.895493,418,15,195,69,165,0,0,0,0
1781970978.9115345,1009,12,28,97,240,0,0,0,0
1781970978.9274414,1490,18,102,35,23,0,0,0,0
1781970978.9432778,1767,92,70,74,1,0,0,0,0
1781970978.9583857,418,15,189,67,166,0,0,0,0
1781970978.974506,1009,12,28,97,240,0,0,0,0
1781970978.99024,1490,17,218,12,25,0,0,0,0
1781970979.0061233,1767,92,70,79,1,0,0,0,0
1781970979.0217712,418,15,197,66,168,0,0,0,0
1781970979.037686,1009,12,28,98,240,0,0,0,0
1781970979.053367,1490,17,48,13,20,0,0,0,0
1781970979.069229,1767,92,70,83,1,0,0,0,0
1781970979.0845525,418,15,203,64,169,0,0,0,0
1781970979.1003006,1009,12,28,98,240,0,0,0,0
1781970979.1165345,1490,23,112,16,90,0,0,0,0
1781970979.1324937,1767,93,70,101,1,0,0,0,0
1781970979.14859,418,15,202,61,171,0,0,0,0
1781970979.164558,1009,12,28,100,240,0,0,0,0
1781970979.1805763,1490,26,203,38,90,0,0,0,0
1781970979.1962914,1767,96,70,131,1,0,0,0,0
1781970979.2135906,418,15,192,59,174,0,0,0,0
1781970979.2306547,1009,12,28,103,240,0,0,0,0
1781970979.247031,1490,30,160,98,91,0,0,0,0
1781970979.2626348,1767,98,70,164,1,0,0,0,0
1781970979.2783263,418,15,204,56,177,0,0,0,0
1781970979.2941473,1009,12,28,106,240,0,0,0,0
1781970979.3099465,1490,35,0,123,103,0,0,0,0
1781970979.3256507,1767,100,70,183,1,0,0,0,0
1781970979.3417916,418,15,200,52,179,0,0,0,0
1781970979.357688,1009,12,28,108,240,0,0,0,0
1781970979.3737905,1490,39,56,80,109,0,0,0,0
1781970979.3896315,1767,102,100,216,1,0,0,0,0
1781970979.405462,418,15,215,49,182,0,0,0,0
1781970979.4214847,1009,12,28,111,240,0,0,0,0
1781970979.437374,1490,41,194,60,126,0,0,0,0
1781970979.4537418,1767,105,100,5,1,0,0,0,0
1781970979.4698503,418,15,207,43,187,0,0,0,0
1781970979.4854825,1009,12,28,115,240,0,0,0,0
1781970979.5012333,1490,43,22,126,110,0,0,0,0
1781970979.5173128,1767,108,100,82,1,0,0,0,0
1781970979.53341,418,15,209,36,193,0,0,0,0
1781970979.5492644,1009,12,28,119,240,0,0,0,0
1781970979.5652988,1490,44,16,141,123,0,0,0,0
1781970979.580878,1767,112,100,162,1,0,0,0,0
1781970979.5970447,418,15,207,30,201,0,0,0,0
1781970979.612795,1009,12,28,123,240,0,0,0,0
1781970979.6285481,1490,45,30,84,113,0,0,0,0
1781970979.6442783,1767,115,100,164,1,0,0,0,0
1781970979.6603525,418,15,206,23,209,0,0,0,0
1781970979.6764011,1009,12,28,128,240,0,0,0,0
1781970979.6921422,1490,46,134,220,116,0,0,0,0
1781970979.7078936,1767,118,100,164,1,0,0,0,0
1781970979.723621,418,15,189,18,216,0,0,0,0
1781970979.7393851,1009,12,28,132,240,0,0,0,0
1781970979.7553625,1490,1,44,20,4,0,0,0,0
1781970979.771413,1767,89,40,77,0,0,0,0,0
1781970979.787167,418,15,196,75,159,0,0,0,0
1781970979.8032954,1009,12,28,94,240,0,0,0,0
1781970979.819021,1490,0,50,12,4,0,0,0,0
1781970979.8349745,1767,89,40,70,0,0,0,0,0
1781970979.85027,418,15,211,75,159,0,0,0,0
1781970979.8665254,1009,12,28,94,240,0,0,0,0
1781970979.8825226,1490,0,0,16,4,0,0,0,0
1781970979.8987844,1767,89,40,55,0,0,0,0,0
1781970979.9147303,418,15,208,75,159,0,0,0,0
1781970979.930719,1009,12,28,94,240,0,0,0,0
1781970979.946505,1490,4,156,2,20,0,0,0,0
1781970979.9621716,1767,89,70,58,1,0,0,0,0
1781970979.9782135,418,15,204,73,160,0,0,0,0
1781970979.993413,1009,12,28,95,240,0,0,0,0
1781970980.0095925,1490,7,228,8,20,0,0,0,0
1781970980.0255668,1767,90,70,60,1,0,0,0,0
1781970980.0416756,418,15,205,72,161,0,0,0,0
1781970980.0576074,1009,12,28,95,240,0,0,0,0
1781970980.073566,1490,12,38,0,21,0,0,0,0
1781970980.0896237,1767,90,70,66,1,0,0,0,0
1781970980.1053624,418,15,198,71,162,0,0,0,0
1781970980.1217523,1009,12,28,95,240,0,0,0,0
1781970980.137067,1490,14,126,6,28,0,0,0,0
1781970980.1530983,1767,90,70,71,1,0,0,0,0
1781970980.1692185,418,15,204,69,163,0,0,0,0
1781970980.1848269,1009,12,28,96,240,0,0,0,0
1781970980.200567,1490,16,244,10,28,0,0,0,0
1781970980.2163975,1767,91,70,73,1,0,0,0,0
1781970980.2324538,418,15,210,68,164,0,0,0,0
1781970980.248306,1009,12,28,96,240,0,0,0,0
1781970980.2643492,1490,17,208,16,20,0,0,0,0
1781970980.2802956,1767,91,70,77,1,0,0,0,0
1781970980.29603,418,15,201,66,165,0,0,0,0
1781970980.311793,1009,12,28,97,240,0,0,0,0
1781970980.3276122,1490,18,102,33,20,0,0,0,0
1781970980.3438144,1767,91,70,82,1,0,0,0,0
1781970980.3592095,418,15,201,65,166,0,0,0,0
1781970980.3748736,1009,12,28,97,240,0,0,0,0
1781970980.3909311,1490,16,144,38,28,0,0,0,0
1781970980.4067385,1767,91,70,83,1,0,0,0,0
1781970980.4227297,418,15,208,64,168,0,0,0,0
1781970980.4387302,1009,12,28,97,240,0,0,0,0
1781970980.4544396,1490,18,62,9,28,0,0,0,0
1781970980.4699805,1767,92,70,84,1,0,0,0,0
1781970980.485697,418,15,208,62,169,0,0,0,0
1781970980.5016115,1009,12,28,98,240,0,0,0,0
1781970980.517416,1490,18,252,10,20,0,0,0,0
1781970980.5332825,1767,92,70,85,1,0,0,0,0
1781970980.549158,418,15,200,61,170,0,0,0,0
1781970980.565188,1009,12,28,99,240,0,0,0,0
1781970980.5809119,1490,24,246,1,94,0,0,0,0
1781970980.5969062,1767,94,70,107,1,0,0,0,0
1781970980.6130066,418,15,195,58,173,0,0,0,0
1781970980.629378,1009,12,28,102,240,0,0,0,0
1781970980.6449215,1490,28,191,20,97,0,0,0,0
1781970980.6606743,1767,96,70,132,1,0,0,0,0
1781970980.6767426,418,15,186,55,175,0,0,0,0
1781970980.6922784,1009,12,28,104,240,0,0,0,0
1781970980.7088313,1490,32,208,32,105,0,0,0,0
1781970980.7242353,1767,98,70,170,1,0,0,0,0
1781970980.7400587,418,15,198,52,178,0,0,0,0
1781970980.7558668,1009,12,28,107,240,0,0,0,0
1781970980.7716572,1490,36,194,52,111,0,0,0,0
1781970980.7872975,1767,100,100,208,1,0,0,0,0
1781970980.8032153,418,15,195,48,181,0,0,0,0
1781970980.8192666,1009,12,28,109,240,0,0,0,0
1781970980.8353493,1490,40,250,14,107,0,0,0,0
1781970980.851409,1767,102,100,220,1,0,0,0,0
1781970980.8669477,418,15,191,44,184,0,0,0,0
1781970980.8826745,1009,12,28,112,240,0,0,0,0
1781970980.8987653,1490,43,12,16,110,0,0,0,0
1781970980.9144926,1767,105,100,42,1,0,0,0,0
1781970980.9302707,418,15,197,39,191,0,0,0,0
1781970980.945958,1009,12,28,116,240,0,0,0,0
1781970980.9621587,1490,44,206,0,115,0,0,0,0
1781970980.9777374,1767,109,100,131,1,0,0,0,0
1781970980.9933019,418,15,190,32,197,0,0,0,0
1781970981.0094194,1009,12,28,121,240,0,0,0,0
1781970981.0250118,1490,46,174,0,110,0,0,0,0
1781970981.0407946,1767,112,100,164,1,0,0,0,0
1781970981.056523,418,15,186,26,204,0,0,0,0
1781970981.0726333,1009,12,28,124,240,0,0,0,0
1781970981.0883906,1490,47,168,0,134,0,0,0,0
1781970981.10384,1767,115,100,164,1,0,0,0,0
1781970981.1198046,418,15,168,19,210,0,0,0,0
1781970981.1356902,1009,12,28,129,240,0,0,0,0
1781970981.151481,1490,48,232,0,139,0,0,0,0
1781970981.167169,1767,119,100,164,1,0,0,0,0
1781970981.1831806,418,15,170,77,160,0,0,0,0
1781970981.1997025,1009,12,28,95,240,0,0,0,0
1781970981.2151935,1490,0,130,5,3,0,0,0,0
1781970981.231079,1767,89,40,73,0,0,0,0,0
1781970981.2468746,418,15,173,77,159,0,0,0,0
1781970981.2629404,1009,12,28,94,240,0,0,0,0
1781970981.2787855,1490,0,0,4,3,0,0,0,0
1781970981.2944682,1767,89,40,65,0,0,0,0,0
1781970981.3101997,418,15,176,77,159,0,0,0,0
1781970981.3262722,1009,12,28,94,240,0,0,0,0
1781970981.342444,1490,1,153,0,20,0,0,0,0
1781970981.3583622,1767,89,40,54,0,0,0,0,0
1781970981.3741877,418,15,175,76,160,0,0,0,0
1781970981.3899267,1009,12,28,94,240,0,0,0,0
1781970981.405665,1490,5,120,7,28,0,0,0,0
1781970981.4216716,1767,90,70,55,1,0,0,0,0
1781970981.4373949,418,15,167,74,161,0,0,0,0
1781970981.4537017,1009,12,28,94,240,0,0,0,0
1781970981.4693835,1490,9,206,29,40,0,0,0,0
1781970981.4849691,1767,90,70,55,1,0,0,0,0
1781970981.500741,418,15,164,73,162,0,0,0,0
1781970981.5168686,1009,12,28,95,240,0,0,0,0
1781970981.5326953,1490,11,104,28,34,0,0,0,0
1781970981.5484767,1767,90,70,58,1,0,0,0,0
1781970981.5644789,418,15,175,71,163,0,0,0,0
1781970981.5800188,1009,12,28,95,240,0,0,0,0
1781970981.5960085,1490,12,207,34,31,0,0,0,0
1781970981.6120863,1767,91,70,63,1,0,0,0,0
1781970981.6281414,418,15,182,70,164,0,0,0,0
1781970981.643901,1009,12,28,96,240,0,0,0,0
1781970981.6598072,1490,13,12,38,32,0,0,0,0
1781970981.675565,1767,91,70,64,1,0,0,0,0
1781970981.6912134,418,15,187,69,165,0,0,0,0
1781970981.7070053,1009,12,28,96,240,0,0,0,0
1781970981.7227528,1490,16,14,11,27,0,0,0,0
1781970981.7384517,1767,91,70,62,1,0,0,0,0
1781970981.7544076,418,15,185,67,166,0,0,0,0
1781970981.770585,1009,12,28,97,240,0,0,0,0
1781970981.7861135,1490,15,110,5,25,0,0,0,0
1781970981.8019547,1767,91,70,66,1,0,0,0,0
1781970981.8177483,418,15,192,66,167,0,0,0,0
1781970981.8333724,1009,12,28,97,240,0,0,0,0
1781970981.8495557,1490,19,96,23,24,0,0,0,0
1781970981.8658369,1767,92,70,64,1,0,0,0,0
1781970981.8816833,418,15,182,64,168,0,0,0,0
1781970981.8975427,1009,12,28,97,240,0,0,0,0
1781970981.913711,1490,19,236,32,20,0,0,0,0
1781970981.9295928,1767,92,70,62,1,0,0,0,0
1781970981.945434,418,15,183,63,169,0,0,0,0
1781970981.96149,1009,12,28,98,240,0,0,0,0
1781970981.9776855,1490,23,112,60,90,0,0,0,0
1781970981.9935021,1767,93,70,80,1,0,0,0,0
1781970982.0093288,418,15,181,61,172,0,0,0,0
1781970982.0250502,1009,12,28,100,240,0,0,0,0
1781970982.0408473,1490,27,188,89,92,0,0,0,0
1781970982.0564735,1767,95,70,101,1,0,0,0,0
1781970982.0724285,418,15,184,58,174,0,0,0,0
1781970982.0882115,1009,12,28,102,240,0,0,0,0
1781970982.1042469,1490,32,58,99,93,0,0,0,0
1781970982.1201797,1767,97,70,135,1,0,0,0,0
1781970982.1363857,418,15,177,55,177,0,0,0,0
1781970982.2472184,1009,12,28,105,240,0,0,0,0
1781970982.3569038,1490,35,210,115,101,0,0,0,0
1781970982.471831,1767,99,70,168,1,0,0,0,0
1781970982.5825832,418,15,175,52,180,0,0,0,0
1781970982.6938677,1009,12,28,107,240,0,0,0,0
1781970982.8047633,1490,39,216,116,120,0,0,0,0
1781970982.9169788,1767,101,100,202,1,0,0,0,0
1781970983.0280612,418,15,160,49,183,0,0,0,0
1781970983.1399531,1009,12,28,110,240,0,0,0,0
1781970983.2503717,1490,43,52,43,110,0,0,0,0
1781970983.3616407,1767,104,100,4,1,0,0,0,0
1781970983.4734569,418,15,166,44,188,0,0,0,0
1781970983.58449,1009,12,28,114,240,0,0,0,0
1781970983.6948867,1490,44,136,11,120,0,0,0,0
1781970983.8057938,1767,107,100,96,1,0,0,0,0
1781970983.9155743,418,15,159,37,195,0,0,0,0
1781970984.025367,1009,12,28,118,240,0,0,0,0
1781970984.1361961,1490,45,120,13,127,0,0,0,0
1781970984.2480464,1767,111,100,164,1,0,0,0,0
1781970984.3587153,418,15,166,31,202,0,0,0,0
1781970984.4696288,1009,12,28,123,240,0,0,0,0
1781970984.580031,1490,46,74,0,144,0,0,0,0
1781970984.68198,1767,114,100,164,1,0,0,0,0
1781970984.7934875,418,15,154,25,208,0,0,0,0
1781970984.9044375,1009,12,28,127,240,0,0,0,0
1781970985.014862,1490,47,218,85,131,0,0,0,0
1781970985.1269073,1767,117,100,164,1,0,0,0,0
1781970985.2376688,418,15,160,19,214,0,0,0,0
1781970985.3492446,1009,12,28,131,240,0,0,0,0
1781970985.4596884,1490,1,44,9,4,0,0,0,0
1781970985.571359,1767,90,40,77,0,0,0,0,0
1781970985.6827526,418,15,164,85,160,0,0,0,0
1781970985.7930949,1009,12,28,94,240,0,0,0,0
1781970985.9042509,1490,0,30,6,4,0,0,0,0
1781970986.0146701,1767,89,40,67,0,0,0,0,0
1781970986.1260645,418,15,164,85,159,0,0,0,0
1781970986.2352872,1009,12,28,94,240,0,0,0,0
1781970986.3462431,1490,0,0,5,3,0,0,0,0
1781970986.4569106,1767,89,40,55,0,0,0,0,0
1781970986.5679214,418,15,175,85,159,0,0,0,0
1781970986.6782677,1009,12,28,94,240,0,0,0,0
1781970986.7891867,1490,4,116,0,24,0,0,0,0
1781970986.899878,1767,89,70,58,1,0,0,0,0
1781970987.0111854,418,15,186,83,161,0,0,0,0
1781970987.1223342,1009,12,28,95,240,0,0,0,0
1781970987.234079,1490,8,62,0,23,0,0,0,0
1781970987.345024,1767,90,70,64,1,0,0,0,0
1781970987.4493864,418,15,183,82,162,0,0,0,0
1781970987.560496,1009,12,28,95,240,0,0,0,0
1781970987.6715784,1490,11,194,17,27,0,0,0,0
1781970987.781762,1767,90,70,65,1,0,0,0,0
1781970987.8926096,418,15,172,80,163,0,0,0,0
1781970988.0041766,1009,12,28,96,240,0,0,0,0
1781970988.1144857,1490,14,66,13,23,0,0,0,0
1781970988.225714,1767,90,70,68,1,0,0,0,0
1781970988.3364434,418,15,179,79,164,0,0,0,0
1781970988.447333,1009,12,28,96,240,0,0,0,0
1781970988.5576046,1490,16,184,7,21,0,0,0,0
1781970988.668414,1767,90,70,71,1,0,0,0,0
1781970988.7792225,418,15,182,77,165,0,0,0,0
1781970988.8899283,1009,12,28,96,240,0,0,0,0
1781970989.0003688,1490,17,108,10,29,0,0,0,0
1781970989.11153,1767,91,70,70,1,0,0,0,0
1781970989.2212029,418,15,176,75,166,0,0,0,0
1781970989.3307352,1009,12,28,97,240,0,0,0,0
1781970989.4414933,1490,17,178,16,20,0,0,0,0
1781970989.551909,1767,91,70,73,1,0,0,0,0
1781970989.6662736,418,15,176,74,167,0,0,0,0
1781970989.7713957,1009,12,28,97,240,0,0,0,0
1781970989.8828137,1490,18,72,11,21,0,0,0,0
1781970989.993962,1767,91,70,74,1,0,0,0,0
1781970990.0960963,418,15,182,72,168,0,0,0,0
1781970990.1982772,1009,12,28,98,240,0,0,0,0
1781970990.3086214,1490,19,66,2,36,0,0,0,0
1781970990.4191427,1767,92,70,76,1,0,0,0,0
1781970990.530794,418,15,189,70,169,0,0,0,0
1781970990.6426365,1009,12,28,98,240,0,0,0,0
1781970990.75446,1490,20,150,16,36,0,0,0,0
1781970990.8647738,1767,92,70,81,1,0,0,0,0
1781970990.975202,418,15,201,68,170,0,0,0,0
1781970991.086197,1009,12,28,100,240,0,0,0,0
1781970991.197294,1490,25,180,2,90,0,0,0,0
1781970991.3080904,1767,94,70,116,1,0,0,0,0
1781970991.4188354,418,15,212,65,173,0,0,0,0
1781970991.5300188,1009,12,28,102,240,0,0,0,0
1781970991.641043,1490,30,20,9,104,0,0,0,0
1781970991.7515295,1767,96,70,149,1,0,0,0,0
1781970991.8610404,418,15,207,62,176,0,0,0,0
1781970991.9718177,1009,12,28,104,240,0,0,0,0
1781970992.082779,1490,33,192,0,112,0,0,0,0
1781970992.19432,1767,98,70,182,1,0,0,0,0
1781970992.3035505,418,15,220,59,178,0,0,0,0
1781970992.405412,1009,12,28,107,240,0,0,0,0
1781970992.5167885,1490,38,32,49,101,0,0,0,0
1781970992.6273434,1767,99,100,209,1,0,0,0,0
1781970992.738681,418,15,231,56,181,0,0,0,0
1781970992.851353,1009,12,28,109,240,0,0,0,0
1781970992.9629874,1490,42,98,54,94,0,0,0,0
1781970993.0737085,1767,102,100,220,1,0,0,0,0
1781970993.1845512,418,15,233,52,185,0,0,0,0
1781970993.2956946,1009,12,28,113,240,0,0,0,0
1781970993.406925,1490,44,156,56,110,0,0,0,0
1781970993.5181835,1767,105,100,42,1,0,0,0,0
1781970993.6294878,418,15,245,45,190,0,0,0,0
1781970993.739646,1009,12,28,118,240,0,0,0,0
1781970993.8505998,1490,45,190,117,142,0,0,0,0
1781970993.961461,1767,109,100,129,1,0,0,0,0
1781970994.0730236,418,16,0,38,198,0,0,0,0
1781970994.1837957,1009,12,28,122,240,0,0,0,0
1781970994.2947426,1490,47,118,174,128,0,0,0,0
1781970994.4055593,1767,113,100,164,1,0,0,0,0
1781970994.5161638,418,16,10,31,204,0,0,0,0
1781970994.626351,1009,12,28,127,240,0,0,0,0
1781970994.7371643,1490,49,216,220,149,0,0,0,0
1781970994.847825,1767,117,100,164,1,0,0,0,0
1781970994.9585462,418,16,10,25,212,0,0,0,0
1781970995.0692017,1009,12,28,131,240,0,0,0,0
1781970995.176726,1490,50,169,220,150,0,0,0,0
1781970995.2876573,1767,119,100,164,1,0,0,0,0
1781970995.399004,418,16,13,86,160,0,0,0,0
1781970995.5103903,1009,12,28,94,240,0,0,0,0
1781970995.6151402,1490,0,140,14,4,0,0,0,0
1781970995.7251673,1767,89,40,74,0,0,0,0,0
1781970995.8363929,418,16,26,86,159,0,0,0,0
1781970995.9468014,1009,12,28,94,240,0,0,0,0
1781970996.058237,1490,0,70,10,2,0,0,0,0
1781970996.1585948,1767,89,40,70,0,0,0,0,0
1781970996.2636876,418,16,31,86,159,0,0,0,0
1781970996.3643696,1009,12,28,94,240,0,0,0,0
1781970996.4772959,1490,1,144,14,20,0,0,0,0
1781970996.5889726,1767,89,40,67,0,0,0,0,0
1781970996.7010136,418,16,35,85,160,0,0,0,0
1781970996.8123174,1009,12,28,94,240,0,0,0,0
1781970996.922558,1490,6,84,9,20,0,0,0,0
1781970997.0341656,1767,90,70,67,1,0,0,0,0
1781970997.1462126,418,16,31,83,161,0,0,0,0
1781970997.2565305,1009,12,28,94,240,0,0,0,0
1781970997.3632977,1490,8,92,5,26,0,0,0,0
1781970997.474757,1767,90,70,70,1,0,0,0,0
1781970997.5856721,418,16,26,82,162,0,0,0,0
1781970997.6973228,1009,12,28,95,240,0,0,0,0
1781970997.8088965,1490,12,138,3,20,0,0,0,0
1781970997.9210317,1767,90,70,73,1,0,0,0,0
1781970998.0315037,418,16,26,81,163,0,0,0,0
1781970998.1424205,1009,12,28,95,240,0,0,0,0
1781970998.2508383,1490,14,66,20,21,0,0,0,0
1781970998.360079,1767,90,70,73,1,0,0,0,0
1781970998.4603672,418,16,17,79,164,0,0,0,0
1781970998.5659611,1009,12,28,96,240,0,0,0,0
1781970998.6660662,1490,16,14,35,28,0,0,0,0
1781970998.7680802,1767,91,70,79,1,0,0,0,0
1781970998.8752759,418,16,13,78,165,0,0,0,0
1781970998.981306,1009,12,28,96,240,0,0,0,0
1781970999.0958126,1490,16,124,43,20,0,0,0,0
1781970999.2003596,1767,91,70,83,1,0,0,0,0
1781970999.3135848,418,15,251,76,166,0,0,0,0
1781970999.415517,1009,12,28,97,240,0,0,0,0
1781970999.522172,1490,16,174,18,20,0,0,0,0
1781970999.6235127,1767,91,70,82,1,0,0,0,0
1781970999.7264276,418,15,251,75,167,0,0,0,0
1781970999.8303049,1009,12,28,97,240,0,0,0,0
1781970999.9387176,1490,19,176,13,26,0,0,0,0
1781971000.0487633,1767,91,70,86,1,0,0,0,0
1781971000.1560447,418,15,243,73,168,0,0,0,0
1781971000.259529,1009,12,28,97,240,0,0,0,0
1781971000.362275,1490,19,236,0,28,0,0,0,0
1781971000.4734008,1767,92,70,89,1,0,0,0,0
1781971000.5754309,418,16,1,72,169,0,0,0,0
1781971000.6778593,1009,12,28,98,240,0,0,0,0
1781971000.789347,1490,23,112,0,90,0,0,0,0
1781971000.905052,1767,93,70,112,1,0,0,0,0
1781971001.0067325,418,16,7,69,171,0,0,0,0
1781971001.107465,1009,12,28,100,240,0,0,0,0
1781971001.2171373,1490,27,88,0,109,0,0,0,0
1781971001.3183174,1767,95,70,139,1,0,0,0,0
1781971001.4235146,418,16,3,66,174,0,0,0,0
1781971001.524961,1009,12,28,103,240,0,0,0,0
1781971001.6251838,1490,31,184,0,91,0,0,0,0
1781971001.7281146,1767,97,70,174,1,0,0,0,0
1781971001.8302674,418,15,251,64,177,0,0,0,0
1781971001.9401643,1009,12,28,106,240,0,0,0,0
1781971002.0495744,1490,35,130,49,90,0,0,0,0
1781971002.160301,1767,100,70,207,1,0,0,0,0
1781971002.2630506,418,15,249,60,179,0,0,0,0
1781971002.3652654,1009,12,28,108,240,0,0,0,0
1781971002.4676597,1490,39,106,6,100,0,0,0,0
1781971002.5765514,1767,102,100,220,1,0,0,0,0
1781971002.6871653,418,15,246,57,182,0,0,0,0
1781971002.7980525,1009,12,28,111,240,0,0,0,0
1781971002.9097066,1490,42,178,0,110,0,0,0,0
1781971003.0105984,1767,104,100,23,1,0,0,0,0
1781971003.1263204,418,15,253,52,187,0,0,0,0
1781971003.2444963,1009,12,28,116,240,0,0,0,0
1781971003.3462465,1490,44,46,0,112,0,0,0,0
1781971003.4504418,1767,108,100,112,1,0,0,0,0
1781971003.5578039,418,15,255,45,195,0,0,0,0
1781971003.6694047,1009,12,28,120,240,0,0,0,0
1781971003.771566,1490,45,190,98,123,0,0,0,0
1781971003.8833933,1767,111,100,164,1,0,0,0,0
1781971003.994165,418,15,255,38,202,0,0,0,0
1781971004.1048863,1009,12,28,125,240,0,0,0,0
1781971004.2073388,1490,46,244,95,124,0,0,0,0
1781971004.3167644,1767,115,100,164,1,0,0,0,0
1781971004.4279318,418,15,251,31,209,0,0,0,0
1781971004.5392296,1009,12,28,129,240,0,0,0,0
1781971004.6409774,1490,47,118,134,139,0,0,0,0
1781971004.743513,1767,118,100,164,1,0,0,0,0
1781971004.8535151,418,15,255,25,216,0,0,0,0
1781971004.9644022,1009,12,28,133,240,0,0,0,0
1781971005.0764463,1490,1,44,20,4,0,0,0,0
1781971005.1876802,1767,90,40,76,0,0,0,0,0
1781971005.2991862,418,15,245,86,160,0,0,0,0
1781971005.410272,1009,12,28,94,240,0,0,0,0
1781971005.5223377,1490,0,0,12,3,0,0,0,0
1781971005.6343582,1767,89,40,68,0,0,0,0,0
1781971005.7450593,418,15,230,86,159,0,0,0,0
1781971005.8570106,1009,12,28,94,240,0,0,0,0
1781971005.96837,1490,0,0,3,4,0,0,0,0
1781971006.073628,1767,89,40,58,0,0,0,0,0
1781971006.1866975,418,15,229,86,159,0,0,0,0
1781971006.297668,1009,12,28,94,240,0,0,0,0
1781971006.409247,1490,4,16,14,20,0,0,0,0
1781971006.518118,1767,90,70,63,1,0,0,0,0
1781971006.6289685,418,15,230,84,161,0,0,0,0
1781971006.7415183,1009,12,28,95,240,0,0,0,0
1781971006.8535044,1490,7,228,22,28,0,0,0,0
1781971006.9655612,1767,90,70,67,1,0,0,0,0
1781971007.0766485,418,15,231,83,162,0,0,0,0
1781971007.1886454,1009,12,28,95,240,0,0,0,0
1781971007.3001635,1490,9,146,23,20,0,0,0,0
1781971007.4054637,1767,90,70,70,1,0,0,0,0
1781971007.5170314,418,15,241,81,163,0,0,0,0
1781971007.6292684,1009,12,28,95,240,0,0,0,0
1781971007.7418702,1490,13,32,37,27,0,0,0,0
1781971007.8545074,1767,91,70,78,1,0,0,0,0
1781971007.9667904,418,15,233,80,164,0,0,0,0
1781971008.0772781,1009,12,28,96,240,0,0,0,0
1781971008.1890402,1490,15,160,35,48,0,0,0,0
1781971008.3001802,1767,91,70,79,1,0,0,0,0
1781971008.4123852,418,15,239,78,165,0,0,0,0
1781971008.5242026,1009,12,28,96,240,0,0,0,0
1781971008.6348374,1490,17,138,23,54,0,0,0,0
1781971008.746537,1767,91,70,84,1,0,0,0,0
1781971008.858846,418,15,247,77,166,0,0,0,0
1781971008.96991,1009,12,28,97,240,0,0,0,0
1781971009.0819225,1490,18,112,1,55,0,0,0,0
1781971009.1945515,1767,91,70,79,1,0,0,0,0
1781971009.3062596,418,15,243,75,167,0,0,0,0
1781971009.4172952,1009,12,28,97,240,0,0,0,0
1781971009.5286086,1490,17,158,8,52,0,0,0,0
1781971009.6401737,1767,92,70,80,1,0,0,0,0
1781971009.7518034,418,15,236,74,168,0,0,0,0
1781971009.864961,1009,12,28,97,240,0,0,0,0
1781971009.9758213,1490,17,168,4,45,0,0,0,0
1781971010.086962,1767,92,70,83,1,0,0,0,0
1781971010.1985645,418,15,237,72,169,0,0,0,0
1781971010.3108385,1009,12,28,98,240,0,0,0,0
1781971010.4230576,1490,19,96,13,52,0,0,0,0
1781971010.5341132,1767,92,70,80,1,0,0,0,0
1781971010.6449006,418,15,223,70,170,0,0,0,0
1781971010.7562053,1009,12,28,99,240,0,0,0,0
1781971010.868255,1490,25,40,12,90,0,0,0,0
1781971010.980147,1767,94,70,115,1,0,0,0,0
1781971011.0920186,418,15,233,67,173,0,0,0,0
1781971011.2031264,1009,12,28,101,240,0,0,0,0
1781971011.3148317,1490,29,35,13,100,0,0,0,0
1781971011.4256542,1767,96,70,149,1,0,0,0,0
1781971011.5320003,418,15,242,65,175,0,0,0,0
1781971011.6381392,1009,12,28,104,240,0,0,0,0
1781971011.743778,1490,33,62,31,95,0,0,0,0
1781971011.8465993,1767,98,70,176,1,0,0,0,0
1781971011.9506726,418,15,237,61,178,0,0,0,0
1781971012.060939,1009,12,28,106,240,0,0,0,0
1781971012.1711686,1490,38,22,59,93,0,0,0,0
1781971012.2823765,1767,100,100,203,1,0,0,0,0
1781971012.3956048,418,15,237,58,181,0,0,0,0
1781971012.5073118,1009,12,28,108,240,0,0,0,0
1781971012.6104221,1490,41,204,49,98,0,0,0,0
1781971012.7122407,1767,102,100,220,1,0,0,0,0
1781971012.8187099,418,15,231,54,184,0,0,0,0
1781971012.9229512,1009,12,28,112,240,0,0,0,0
1781971013.0268672,1490,44,136,117,128,0,0,0,0
1781971013.131161,1767,106,100,69,1,0,0,0,0
1781971013.2348745,418,15,225,47,191,0,0,0,0
1781971013.339471,1009,12,28,116,240,0,0,0,0
1781971013.4437282,1490,46,44,191,130,0,0,0,0
1781971013.5547805,1767,109,100,154,1,0,0,0,0
1781971013.666007,418,15,231,41,197,0,0,0,0
1781971013.7794092,1009,12,28,121,240,0,0,0,0
1781971013.8976283,1490,47,118,168,143,0,0,0,0
1781971013.999405,1767,113,100,164,1,0,0,0,0
1781971014.1024578,418,15,219,35,204,0,0,0,0
1781971014.2133114,1009,12,28,126,240,0,0,0,0
1781971014.3286755,1490,48,122,165,146,0,0,0,0
1781971014.4310884,1767,116,100,164,1,0,0,0,0
1781971014.5333714,418,15,211,29,211,0,0,0,0
1781971014.642632,1009,12,28,130,240,0,0,0,0
1781971014.7493477,1490,49,16,220,152,0,0,0,0
1781971014.8535733,1767,119,100,164,1,0,0,0,0
1781971014.957554,418,15,224,92,160,0,0,0,0
1781971015.0634766,1009,12,28,94,240,0,0,0,0
1781971015.1733851,1490,0,70,20,4,0,0,0,0
1781971015.273432,1767,89,40,72,0,0,0,0,0
1781971015.374348,418,15,223,91,160,0,0,0,0
1781971015.488795,1009,12,28,94,240,0,0,0,0
1781971015.5898821,1490,0,30,15,2,0,0,0,0
1781971015.6940153,1767,89,40,57,0,0,0,0,0
1781971015.8049433,418,15,225,91,159,0,0,0,0
1781971015.9071617,1009,12,28,94,240,0,0,0,0
1781971016.0078132,1490,1,74,0,20,0,0,0,0
1781971016.110834,1767,89,70,50,1,0,0,0,0
1781971016.217511,418,15,240,90,160,0,0,0,0
1781971016.318916,1009,12,28,94,240,0,0,0,0
1781971016.42359,1490,7,118,0,31,0,0,0,0
1781971016.5316634,1767,89,70,54,1,0,0,0,0
1781971016.645707,418,15,243,89,161,0,0,0,0
1781971016.7514534,1009,12,28,95,240,0,0,0,0
1781971016.854201,1490,10,50,9,39,0,0,0,0
1781971016.9587882,1767,90,70,56,1,0,0,0,0
1781971017.0606334,418,15,251,87,162,0,0,0,0
1781971017.1623476,1009,12,28,95,240,0,0,0,0
1781971017.26383,1490,13,122,33,31,0,0,0,0
1781971017.3677511,1767,90,70,61,1,0,0,0,0
1781971017.4785962,418,15,245,86,163,0,0,0,0
1781971017.5826972,1009,12,28,95,240,0,0,0,0
1781971017.6870072,1490,12,238,24,25,0,0,0,0
1781971017.7884605,1767,90,70,59,1,0,0,0,0
1781971017.9027798,418,15,236,85,164,0,0,0,0
1781971018.016262,1009,12,28,96,240,0,0,0,0
1781971018.1174645,1490,15,10,30,40,0,0,0,0
1781971018.2269773,1767,90,70,64,1,0,0,0,0
1781971018.3303986,418,15,231,83,165,0,0,0,0
1781971018.4400845,1009,12,28,96,240,0,0,0,0
1781971018.5432239,1490,15,200,20,38,0,0,0,0
1781971018.6569333,1767,90,70,63,1,0,0,0,0
1781971018.7610185,418,15,236,81,166,0,0,0,0
1781971018.8673787,1009,12,28,97,240,0,0,0,0
1781971018.9728763,1490,16,234,19,37,0,0,0,0
1781971019.0766902,1767,91,70,64,1,0,0,0,0
1781971019.1810155,418,15,233,80,168,0,0,0,0
1781971019.2840881,1009,12,28,97,240,0,0,0,0
1781971019.395135,1490,16,134,4,33,0,0,0,0
1781971019.500507,1767,91,70,65,1,0,0,0,0
1781971019.6055357,418,15,237,79,169,0,0,0,0
1781971019.7089665,1009,12,28,97,240,0,0,0,0
1781971019.8179553,1490,17,38,2,36,0,0,0,0
1781971019.9240618,1767,91,70,68,1,0,0,0,0
1781971020.0285556,418,15,243,77,170,0,0,0,0
1781971020.131454,1009,12,28,98,240,0,0,0,0
1781971020.2380133,1490,23,112,4,90,0,0,0,0
1781971020.3407557,1767,92,70,82,1,0,0,0,0
1781971020.4447978,418,15,250,74,172,0,0,0,0
1781971020.5510433,1009,12,28,100,240,0,0,0,0
1781971020.6521852,1490,26,244,0,95,0,0,0,0
1781971020.7575417,1767,94,70,106,1,0,0,0,0
1781971020.8615634,418,15,253,71,175,0,0,0,0
1781971020.9645872,1009,12,28,102,240,0,0,0,0
1781971021.0786042,1490,30,229,4,99,0,0,0,0
1781971021.1811817,1767,97,70,131,1,0,0,0,0
1781971021.2833438,418,15,246,68,177,0,0,0,0
1781971021.3961773,1009,12,28,105,240,0,0,0,0
1781971021.499637,1490,35,150,8,105,0,0,0,0
1781971021.6037111,1767,99,70,155,1,0,0,0,0
1781971021.7077982,418,15,252,66,180,0,0,0,0
1781971021.8099737,1009,12,28,107,240,0,0,0,0
1781971021.9104893,1490,39,86,22,105,0,0,0,0
1781971022.0144813,1767,101,100,189,1,0,0,0,0
1781971022.1244156,418,15,254,63,183,0,0,0,0
1781971022.2291224,1009,12,28,110,240,0,0,0,0
1781971022.3339324,1490,43,172,90,110,0,0,0,0
1781971022.43743,1767,103,100,236,1,0,0,0,0
1781971022.5423245,418,15,250,57,189,0,0,0,0
1781971022.6544266,1009,12,28,114,240,0,0,0,0
1781971022.7568724,1490,45,70,87,115,0,0,0,0
1781971022.8623545,1767,107,100,47,1,0,0,0,0
1781971022.976988,418,15,247,50,196,0,0,0,0
1781971023.0886354,1009,12,28,119,240,0,0,0,0
1781971023.1887355,1490,47,238,75,110,0,0,0,0
1781971023.2897224,1767,111,100,130,1,0,0,0,0
1781971023.390379,418,15,249,44,203,0,0,0,0
1781971023.492528,1009,12,28,123,240,0,0,0,0
1781971023.6028805,1490,50,69,93,110,0,0,0,0
1781971023.7079294,1767,114,100,164,1,0,0,0,0
1781971023.8120754,418,15,249,38,208,0,0,0,0
1781971023.9162543,1009,12,28,128,240,0,0,0,0
1781971024.0198686,1490,50,140,119,110,0,0,0,0
1781971024.1298068,1767,117,100,164,1,0,0,0,0
1781971024.2356324,418,15,251,32,215,0,0,0,0
1781971024.3399107,1009,12,28,132,240,0,0,0,0
1781971024.4440184,1490,1,44,20,4,0,0,0,0
1781971024.5582821,1767,90,40,76,0,0,0,0,0
1781971024.6601667,418,15,242,99,160,0,0,0,0
1781971024.7640061,1009,12,28,94,240,0,0,0,0
1781971024.8676777,1490,0,10,13,2,0,0,0,0
1781971024.9718559,1767,89,40,74,0,0,0,0,0
1781971025.0851333,418,15,249,98,160,0,0,0,0
1781971025.185354,1009,12,28,94,240,0,0,0,0
1781971025.291166,1490,0,30,6,4,0,0,0,0
1781971025.3960302,1767,89,40,67,0,0,0,0,0
1781971025.4979146,418,15,248,98,160,0,0,0,0
1781971025.6116953,1009,12,28,94,240,0,0,0,0
1781971025.7194173,1490,4,126,11,24,0,0,0,0
1781971025.826001,1767,89,70,71,1,0,0,0,0
1781971025.9389858,418,15,243,96,161,0,0,0,0
1781971026.0507913,1009,12,28,94,240,0,0,0,0
1781971026.161825,1490,10,50,16,20,0,0,0,0
1781971026.2758687,1767,90,70,72,1,0,0,0,0
1781971026.3826807,418,15,239,95,162,0,0,0,0
1781971026.4932933,1009,12,28,95,240,0,0,0,0
1781971026.6072307,1490,13,92,26,29,0,0,0,0
1781971026.7213197,1767,90,70,72,1,0,0,0,0
1781971026.8364093,418,15,235,93,163,0,0,0,0
1781971026.9477787,1009,12,28,95,240,0,0,0,0
1781971027.0583408,1490,14,106,14,37,0,0,0,0
1781971027.1734536,1767,90,70,72,1,0,0,0,0
1781971027.2782402,418,15,233,92,164,0,0,0,0
1781971027.3789327,1009,12,28,95,240,0,0,0,0
1781971027.4889004,1490,15,189,7,35,0,0,0,0
1781971027.5967457,1767,90,70,78,1,0,0,0,0
1781971027.7010646,418,15,234,90,165,0,0,0,0
1781971027.8051536,1009,12,28,96,240,0,0,0,0
1781971027.9093337,1490,16,84,28,47,0,0,0,0
1781971028.013607,1767,91,70,80,1,0,0,0,0
1781971028.1177523,418,15,225,88,166,0,0,0,0
1781971028.221784,1009,12,28,96,240,0,0,0,0
1781971028.3343234,1490,17,238,14,60,0,0,0,0
1781971028.4372697,1767,91,70,79,1,0,0,0,0
1781971028.549788,418,15,232,87,167,0,0,0,0
1781971028.6505542,1009,12,28,96,240,0,0,0,0
1781971028.7648056,1490,17,108,19,42,0,0,0,0
1781971028.8680568,1767,91,70,86,1,0,0,0,0
1781971028.9681363,418,15,232,86,168,0,0,0,0
1781971029.0699694,1009,12,28,97,240,0,0,0,0
1781971029.1812086,1490,18,152,10,29,0,0,0,0
1781971029.2834837,1767,92,70,88,1,0,0,0,0
1781971029.3897636,418,15,225,84,169,0,0,0,0
1781971029.4996984,1009,12,28,97,240,0,0,0,0
1781971029.614175,1490,19,46,14,20,0,0,0,0
1781971029.715645,1767,92,70,87,1,0,0,0,0
1781971029.8171828,418,15,226,82,170,0,0,0,0
1781971029.9191997,1009,12,28,98,240,0,0,0,0
1781971030.0215309,1490,25,120,8,95,0,0,0,0
1781971030.125642,1767,94,70,115,1,0,0,0,0
1781971030.228908,418,15,220,79,173,0,0,0,0
1781971030.3305893,1009,12,28,101,240,0,0,0,0
1781971030.4371436,1490,29,56,25,96,0,0,0,0
1781971030.5389936,1767,95,70,150,1,0,0,0,0
1781971030.6598625,418,15,237,76,175,0,0,0,0
1781971030.767172,1009,12,28,103,240,0,0,0,0
1781971030.8794682,1490,32,118,36,95,0,0,0,0
1781971030.9894493,1767,97,70,178,1,0,0,0,0
1781971031.0910983,418,15,246,72,178,0,0,0,0
1781971031.2022326,1009,12,28,105,240,0,0,0,0
1781971031.3148086,1490,36,4,56,105,0,0,0,0
1781971031.4180748,1767,100,100,209,1,0,0,0,0
1781971031.5213323,418,15,246,69,180,0,0,0,0
1781971031.6246812,1009,12,28,108,240,0,0,0,0
1781971031.7288253,1490,40,80,64,118,0,0,0,0
1781971031.8331084,1767,102,100,220,1,0,0,0,0
1781971031.9373496,418,15,238,65,184,0,0,0,0
1781971032.0414858,1009,12,28,111,240,0,0,0,0
1781971032.1455586,1490,42,8,0,112,0,0,0,0
1781971032.250815,1767,105,100,56,1,0,0,0,0
1781971032.3564413,418,15,226,59,190,0,0,0,0
1781971032.4580672,1009,12,28,115,240,0,0,0,0
1781971032.5698774,1490,42,68,46,110,0,0,0,0
1781971032.6843705,1767,109,100,143,1,0,0,0,0
1781971032.7949107,418,15,223,52,198,0,0,0,0
1781971032.8960414,1009,12,28,120,240,0,0,0,0
1781971033.0008755,1490,44,126,90,111,0,0,0,0
1781971033.1038918,1767,112,100,164,1,0,0,0,0
1781971033.217453,418,15,216,45,206,0,0,0,0
1781971033.3192425,1009,12,28,124,240,0,0,0,0
1781971033.4234354,1490,46,234,153,125,0,0,0,0
1781971033.5366023,1767,116,100,164,1,0,0,0,0
1781971033.648765,418,15,216,38,212,0,0,0,0
1781971033.751128,1009,12,28,129,240,0,0,0,0
1781971033.8541267,1490,49,96,133,121,0,0,0,0
1781971033.9591668,1767,119,100,164,1,0,0,0,0
1781971034.063613,418,15,212,77,160,0,0,0,0
1781971034.167511,1009,12,28,94,240,0,0,0,0
1781971034.2709308,1490,0,70,18,2,0,0,0,0
1781971034.3837757,1767,89,40,76,0,0,0,0,0
1781971034.4859257,418,15,222,77,159,0,0,0,0
1781971034.5900679,1009,12,28,94,240,0,0,0,0
1781971034.6947994,1490,0,0,18,1,0,0,0,0
1781971034.7993698,1767,89,40,65,0,0,0,0,0
1781971034.9035254,418,15,222,77,159,0,0,0,0
1781971035.0156946,1009,12,28,94,240,0,0,0,0
1781971035.1195667,1490,0,190,24,20,0,0,0,0
1781971035.2286975,1767,89,40,60,0,0,0,0,0
1781971035.343818,418,15,229,76,160,0,0,0,0
1781971035.4448366,1009,12,28,94,240,0,0,0,0
1781971035.5494738,1490,7,88,34,20,0,0,0,0
1781971035.6537173,1767,90,70,62,1,0,0,0,0
1781971035.7576191,418,15,220,74,161,0,0,0,0
1781971035.8615642,1009,12,28,94,240,0,0,0,0
1781971035.9668431,1490,10,190,41,36,0,0,0,0
1781971036.070322,1767,90,70,65,1,0,0,0,0
1781971036.1743639,418,15,221,72,162,0,0,0,0
